gene_id	chromosome_name	strand	exon_starts	exon_ends	range_start	range_end	feature_snp_count	cis_snp_count
Interval_1:1:138283:138486:+:204	1	1	138283	138486	128283	148486	0	12
Interval_10:1:422140:423116:+:977	1	1	422140	423116	412140	433116	6	136
Interval_100:1:1592362:1592659:+:298	1	1	1592362	1592659	1582362	1602659	0	90
Interval_1000:1:10570994:10571381:+:388	1	1	10570994	10571381	10560994	10581381	2	126
Interval_101:1:1607036:1607555:+:520	1	1	1607036	1607555	1597036	1617555	0	104
Interval_102:1:1610608:1611283:+:676	1	1	1610608	1611283	1600608	1621283	6	88
Interval_103:1:1612666:1613274:+:609	1	1	1612666	1613274	1602666	1623274	4	96
Interval_104:1:1624157:1624457:+:301	1	1	1624157	1624457	1614157	1634457	8	56
Interval_105:1:1630940:1632195:+:1256	1	1	1630940	1632195	1620940	1642195	6	108
Interval_106:1:1640425:1640873:+:449	1	1	1640425	1640873	1630425	1650873	2	102
Interval_107:1:1645625:1646167:+:543	1	1	1645625	1646167	1635625	1656167	0	82
Interval_108:1:1649377:1649579:+:203	1	1	1649377	1649579	1639377	1659579	4	52
Interval_109:1:1649598:1649785:+:188	1	1	1649598	1649785	1639598	1659785	0	46
Interval_11:1:437715:438374:+:660	1	1	437715	438374	427715	448374	2	130
Interval_110:1:1650299:1651021:+:723	1	1	1650299	1651021	1640299	1661021	4	34
Interval_111:1:1654371:1654694:+:324	1	1	1654371	1654694	1644371	1664694	0	36
Interval_112:1:1683632:1683788:+:157	1	1	1683632	1683788	1673632	1693788	0	90
Interval_113:1:1697486:1697703:+:218	1	1	1697486	1697703	1687486	1707703	0	58
Interval_114:1:1708572:1709196:+:625	1	1	1708572	1709196	1698572	1719196	2	72
Interval_115:1:1712860:1713009:+:150	1	1	1712860	1713009	1702860	1723009	0	66
Interval_116:1:1742569:1742892:+:324	1	1	1742569	1742892	1732569	1752892	0	130
Interval_117:1:1743647:1744185:+:539	1	1	1743647	1744185	1733647	1754185	0	128
Interval_118:1:1753715:1754885:+:1171	1	1	1753715	1754885	1743715	1764885	4	240
Interval_119:1:1757588:1758273:+:686	1	1	1757588	1758273	1747588	1768273	12	186
Interval_12:1:443849:445542:+:1694	1	1	443849	445542	433849	455542	26	138
Interval_120:1:1762988:1764255:+:1268	1	1	1762988	1764255	1752988	1774255	12	186
Interval_121:1:1773579:1773809:+:231	1	1	1773579	1773809	1763579	1783809	2	64
Interval_122:1:1778077:1778296:+:220	1	1	1778077	1778296	1768077	1788296	0	56
Interval_123:1:1822712:1823766:+:1055	1	1	1822712	1823766	1812712	1833766	12	36
Interval_124:1:1827395:1828449:+:1055	1	1	1827395	1828449	1817395	1838449	6	36
Interval_125:1:1871036:1872822:+:1787	1	1	1871036	1872822	1861036	1882822	10	30
Interval_126:1:1896555:1897234:+:680	1	1	1896555	1897234	1886555	1907234	8	204
Interval_127:1:1909081:1909419:+:339	1	1	1909081	1909419	1899081	1919419	4	240
Interval_128:1:1924878:1925427:+:550	1	1	1924878	1925427	1914878	1935427	8	164
Interval_129:1:1936681:1936998:+:318	1	1	1936681	1936998	1926681	1946998	6	190
Interval_13:1:463426:465222:+:1797	1	1	463426	465222	453426	475222	6	104
Interval_130:1:1955993:1956819:+:827	1	1	1955993	1956819	1945993	1966819	4	164
Interval_131:1:1971758:1972230:+:473	1	1	1971758	1972230	1961758	1982230	6	86
Interval_132:1:1982518:1982679:+:162	1	1	1982518	1982679	1972518	1992679	0	90
Interval_133:1:1986205:1986939:+:735	1	1	1986205	1986939	1976205	1996939	4	100
Interval_134:1:2012241:2013906:+:1666	1	1	2012241	2013906	2002241	2023906	0	106
Interval_135:1:2058716:2058849:+:134	1	1	2058716	2058849	2048716	2068849	2	152
Interval_136:1:2071384:2072635:+:1252	1	1	2071384	2072635	2061384	2082635	4	124
Interval_137:1:2088117:2088698:+:582	1	1	2088117	2088698	2078117	2098698	8	226
Interval_138:1:2153806:2154224:+:419	1	1	2153806	2154224	2143806	2164224	0	140
Interval_139:1:2167981:2168657:+:677	1	1	2167981	2168657	2157981	2178657	2	154
Interval_14:1:498284:499113:+:830	1	1	498284	499113	488284	509113	8	28
Interval_140:1:2187456:2187633:+:178	1	1	2187456	2187633	2177456	2197633	2	150
Interval_141:1:2188482:2189400:+:919	1	1	2188482	2189400	2178482	2199400	6	146
Interval_142:1:2202820:2202964:+:145	1	1	2202820	2202964	2192820	2212964	0	122
Interval_143:1:2222491:2222736:+:246	1	1	2222491	2222736	2212491	2232736	0	76
Interval_144:1:2229508:2229721:+:214	1	1	2229508	2229721	2219508	2239721	0	66
Interval_145:1:2232388:2232669:+:282	1	1	2232388	2232669	2222388	2242669	0	60
Interval_146:1:2238247:2238589:+:343	1	1	2238247	2238589	2228247	2248589	0	84
Interval_147:1:2248042:2248222:+:181	1	1	2248042	2248222	2238042	2258222	0	116
Interval_148:1:2263011:2263195:+:185	1	1	2263011	2263195	2253011	2273195	0	66
Interval_149:1:2263927:2264119:+:193	1	1	2263927	2264119	2253927	2274119	0	62
Interval_15:1:534330:536291:+:1962	1	1	534330	536291	524330	546291	16	80
Interval_150:1:2271618:2272644:+:1027	1	1	2271618	2272644	2261618	2282644	0	48
Interval_151:1:2352531:2353102:+:572	1	1	2352531	2353102	2342531	2363102	0	256
Interval_152:1:2354283:2355146:+:864	1	1	2354283	2355146	2344283	2365146	10	258
Interval_153:1:2365020:2365720:+:701	1	1	2365020	2365720	2355020	2375720	4	222
Interval_154:1:2376459:2377160:+:702	1	1	2376459	2377160	2366459	2387160	4	160
Interval_155:1:2405905:2407046:+:1142	1	1	2405905	2407046	2395905	2417046	14	238
Interval_156:1:2415384:2415748:+:365	1	1	2415384	2415748	2405384	2425748	0	166
Interval_157:1:2423587:2424034:+:448	1	1	2423587	2424034	2413587	2434034	0	94
Interval_158:1:2431624:2432271:+:648	1	1	2431624	2432271	2421624	2442271	4	112
Interval_159:1:2448012:2448181:+:170	1	1	2448012	2448181	2438012	2458181	0	58
Interval_16:1:541194:542510:+:1317	1	1	541194	542510	531194	552510	8	122
Interval_160:1:2456033:2456631:+:599	1	1	2456033	2456631	2446033	2466631	2	90
Interval_161:1:2482258:2483211:+:954	1	1	2482258	2483211	2472258	2493211	0	204
Interval_162:1:2517490:2519888:+:2399	1	1	2517490	2519888	2507490	2529888	20	226
Interval_163:1:2527381:2527932:+:552	1	1	2527381	2527932	2517381	2537932	4	186
Interval_164:1:2534784:2535871:+:1088	1	1	2534784	2535871	2524784	2545871	4	198
Interval_165:1:2538013:2538162:+:150	1	1	2538013	2538162	2528013	2548162	6	168
Interval_166:1:2549172:2551590:+:2419	1	1	2549172	2551590	2539172	2561590	20	170
Interval_167:1:2558570:2559074:+:505	1	1	2558570	2559074	2548570	2569074	4	168
Interval_168:1:2608245:2610399:+:2155	1	1	2608245	2610399	2598245	2620399	0	36
Interval_169:1:2614431:2615793:+:1363	1	1	2614431	2615793	2604431	2625793	0	124
Interval_17:1:558529:558978:+:450	1	1	558529	558978	548529	568978	2	88
Interval_170:1:2616232:2616521:+:290	1	1	2616232	2616521	2606232	2626521	0	150
Interval_171:1:2617790:2618754:+:965	1	1	2617790	2618754	2607790	2628754	0	170
Interval_172:1:2622305:2623028:+:724	1	1	2622305	2623028	2612305	2633028	0	246
Interval_173:1:2635140:2635299:+:160	1	1	2635140	2635299	2625140	2645299	0	374
Interval_174:1:2644433:2644748:+:316	1	1	2644433	2644748	2634433	2654748	0	216
Interval_175:1:2652394:2652547:+:154	1	1	2652394	2652547	2642394	2662547	2	74
Interval_176:1:2659162:2659534:+:373	1	1	2659162	2659534	2649162	2669534	0	64
Interval_177:1:2660508:2661918:+:1411	1	1	2660508	2661918	2650508	2671918	6	70
Interval_178:1:2675312:2675590:+:279	1	1	2675312	2675590	2665312	2685590	0	100
Interval_179:1:2681851:2682207:+:357	1	1	2681851	2682207	2671851	2692207	2	98
Interval_18:1:569225:569954:+:730	1	1	569225	569954	559225	579954	0	72
Interval_180:1:2689775:2690446:+:672	1	1	2689775	2690446	2679775	2700446	4	80
Interval_181:1:2706288:2706457:+:170	1	1	2706288	2706457	2696288	2716457	2	100
Interval_182:1:2708230:2709449:+:1220	1	1	2708230	2709449	2698230	2719449	8	132
Interval_183:1:2711468:2711671:+:204	1	1	2711468	2711671	2701468	2721671	0	158
Interval_184:1:2733717:2734503:+:787	1	1	2733717	2734503	2723717	2744503	4	100
Interval_185:1:2762161:2762304:+:144	1	1	2762161	2762304	2752161	2772304	0	60
Interval_186:1:2769015:2769251:+:237	1	1	2769015	2769251	2759015	2779251	2	76
Interval_187:1:2770231:2770523:+:293	1	1	2770231	2770523	2760231	2780523	0	62
Interval_188:1:2774356:2774588:+:233	1	1	2774356	2774588	2764356	2784588	0	88
Interval_189:1:2781640:2781829:+:190	1	1	2781640	2781829	2771640	2791829	0	102
Interval_19:1:572979:573137:+:159	1	1	572979	573137	562979	583137	0	90
Interval_190:1:2806186:2806504:+:319	1	1	2806186	2806504	2796186	2816504	0	192
Interval_191:1:2825343:2825878:+:536	1	1	2825343	2825878	2815343	2835878	4	84
Interval_192:1:2880743:2880936:+:194	1	1	2880743	2880936	2870743	2890936	0	32
Interval_193:1:2909807:2910888:+:1082	1	1	2909807	2910888	2899807	2920888	2	18
Interval_194:1:2960261:2960435:+:175	1	1	2960261	2960435	2950261	2970435	0	10
Interval_195:1:3063323:3064875:+:1553	1	1	3063323	3064875	3053323	3074875	0	42
Interval_196:1:3123747:3123932:+:186	1	1	3123747	3123932	3113747	3133932	0	94
Interval_197:1:3135216:3135371:+:156	1	1	3135216	3135371	3125216	3145371	0	82
Interval_198:1:3142550:3143797:+:1248	1	1	3142550	3143797	3132550	3153797	6	134
Interval_199:1:3146593:3146816:+:224	1	1	3146593	3146816	3136593	3156816	0	182
Interval_2:1:210739:211164:+:426	1	1	210739	211164	200739	221164	0	16
Interval_20:1:594403:594573:+:171	1	1	594403	594573	584403	604573	0	146
Interval_200:1:3149888:3150310:+:423	1	1	3149888	3150310	3139888	3160310	6	218
Interval_201:1:3151746:3152592:+:847	1	1	3151746	3152592	3141746	3162592	4	216
Interval_202:1:3160131:3160883:+:753	1	1	3160131	3160883	3150131	3170883	0	202
Interval_203:1:3175551:3176106:+:556	1	1	3175551	3176106	3165551	3186106	6	48
Interval_204:1:3180403:3180845:+:443	1	1	3180403	3180845	3170403	3190845	0	46
Interval_205:1:3208599:3209123:+:525	1	1	3208599	3209123	3198599	3219123	4	52
Interval_206:1:3220960:3221401:+:442	1	1	3220960	3221401	3210960	3231401	0	90
Interval_207:1:3231439:3231716:+:278	1	1	3231439	3231716	3221439	3241716	4	152
Interval_208:1:3231733:3231925:+:193	1	1	3231733	3231925	3221733	3241925	2	150
Interval_209:1:3241657:3242016:+:360	1	1	3241657	3242016	3231657	3252016	6	154
Interval_21:1:603211:605338:+:2128	1	1	603211	605338	593211	615338	2	130
Interval_210:1:3256587:3256759:+:173	1	1	3256587	3256759	3246587	3266759	4	122
Interval_211:1:3276740:3278314:+:1575	1	1	3276740	3278314	3266740	3288314	2	166
Interval_212:1:3283685:3283939:+:255	1	1	3283685	3283939	3273685	3293939	2	56
Interval_213:1:3286619:3287600:+:982	1	1	3286619	3287600	3276619	3297600	2	62
Interval_214:1:3289211:3290056:+:846	1	1	3289211	3290056	3279211	3300056	6	58
Interval_215:1:3306756:3307445:+:690	1	1	3306756	3307445	3296756	3317445	2	110
Interval_216:1:3324153:3324667:+:515	1	1	3324153	3324667	3314153	3334667	4	90
Interval_217:1:3326103:3327439:+:1337	1	1	3326103	3327439	3316103	3337439	2	86
Interval_218:1:3329085:3329374:+:290	1	1	3329085	3329374	3319085	3339374	4	80
Interval_219:1:3330205:3331063:+:859	1	1	3330205	3331063	3320205	3341063	2	88
Interval_22:1:614972:615135:+:164	1	1	614972	615135	604972	625135	0	118
Interval_220:1:3336100:3336406:+:307	1	1	3336100	3336406	3326100	3346406	0	94
Interval_221:1:3339988:3340404:+:417	1	1	3339988	3340404	3329988	3350404	8	122
Interval_222:1:3341289:3341747:+:459	1	1	3341289	3341747	3331289	3351747	0	112
Interval_223:1:3347784:3349239:+:1456	1	1	3347784	3349239	3337784	3359239	4	108
Interval_224:1:3350846:3351708:+:863	1	1	3350846	3351708	3340846	3361708	2	102
Interval_225:1:3354787:3355373:+:587	1	1	3354787	3355373	3344787	3365373	8	118
Interval_226:1:3358627:3358812:+:186	1	1	3358627	3358812	3348627	3368812	0	94
Interval_227:1:3363518:3363923:+:406	1	1	3363518	3363923	3353518	3373923	4	112
Interval_228:1:3371371:3371592:+:222	1	1	3371371	3371592	3361371	3381592	0	160
Interval_229:1:3372511:3372847:+:337	1	1	3372511	3372847	3362511	3382847	2	166
Interval_23:1:628433:629654:+:1222	1	1	628433	629654	618433	639654	6	104
Interval_230:1:3374047:3374291:+:245	1	1	3374047	3374291	3364047	3384291	0	174
Interval_231:1:3378841:3379007:+:167	1	1	3378841	3379007	3368841	3389007	2	250
Interval_232:1:3379915:3380433:+:519	1	1	3379915	3380433	3369915	3390433	8	248
Interval_233:1:3388826:3389138:+:313	1	1	3388826	3389138	3378826	3399138	2	288
Interval_234:1:3390139:3390852:+:714	1	1	3390139	3390852	3380139	3400852	8	256
Interval_235:1:3395656:3396153:+:498	1	1	3395656	3396153	3385656	3406153	4	190
Interval_236:1:3403333:3403951:+:619	1	1	3403333	3403951	3393333	3413951	6	152
Interval_237:1:3404833:3405484:+:652	1	1	3404833	3405484	3394833	3415484	6	142
Interval_238:1:3406957:3407166:+:210	1	1	3406957	3407166	3396957	3417166	0	124
Interval_239:1:3419468:3419837:+:370	1	1	3419468	3419837	3409468	3429837	6	112
Interval_24:1:641838:642260:+:423	1	1	641838	642260	631838	652260	0	48
Interval_240:1:3424309:3425818:+:1510	1	1	3424309	3425818	3414309	3435818	14	146
Interval_241:1:3431924:3432726:+:803	1	1	3431924	3432726	3421924	3442726	8	172
Interval_242:1:3440442:3440699:+:258	1	1	3440442	3440699	3430442	3450699	0	122
Interval_243:1:3443484:3444309:+:826	1	1	3443484	3444309	3433484	3454309	2	138
Interval_244:1:3446341:3447279:+:939	1	1	3446341	3447279	3436341	3457279	18	136
Interval_245:1:3457078:3457634:+:557	1	1	3457078	3457634	3447078	3467634	12	126
Interval_246:1:3463354:3464045:+:692	1	1	3463354	3464045	3453354	3474045	8	112
Interval_247:1:3470232:3471548:+:1317	1	1	3470232	3471548	3460232	3481548	6	174
Interval_248:1:3472423:3473297:+:875	1	1	3472423	3473297	3462423	3483297	4	190
Interval_249:1:3486518:3486771:+:254	1	1	3486518	3486771	3476518	3496771	4	196
Interval_25:1:676655:677035:+:381	1	1	676655	677035	666655	687035	2	72
Interval_250:1:3489501:3490167:+:667	1	1	3489501	3490167	3479501	3500167	6	240
Interval_251:1:3500802:3501352:+:551	1	1	3500802	3501352	3490802	3511352	0	194
Interval_252:1:3504440:3505114:+:675	1	1	3504440	3505114	3494440	3515114	4	166
Interval_253:1:3525099:3525731:+:633	1	1	3525099	3525731	3515099	3535731	2	22
Interval_254:1:3531286:3532367:+:1082	1	1	3531286	3532367	3521286	3542367	2	22
Interval_255:1:3542068:3542368:+:301	1	1	3542068	3542368	3532068	3552368	0	16
Interval_256:1:3542796:3543006:+:211	1	1	3542796	3543006	3532796	3553006	0	16
Interval_257:1:3570552:3571426:+:875	1	1	3570552	3571426	3560552	3581426	2	118
Interval_258:1:3572344:3573018:+:675	1	1	3572344	3573018	3562344	3583018	14	120
Interval_259:1:3579553:3580663:+:1111	1	1	3579553	3580663	3569553	3590663	20	196
Interval_26:1:683418:683748:+:331	1	1	683418	683748	673418	693748	0	68
Interval_260:1:3600911:3601498:+:588	1	1	3600911	3601498	3590911	3611498	8	114
Interval_261:1:3612961:3613469:+:509	1	1	3612961	3613469	3602961	3623469	10	116
Interval_262:1:3616624:3616860:+:237	1	1	3616624	3616860	3606624	3626860	2	100
Interval_263:1:3619975:3620272:+:298	1	1	3619975	3620272	3609975	3630272	2	98
Interval_264:1:3629126:3629845:+:720	1	1	3629126	3629845	3619126	3639845	0	62
Interval_265:1:3642166:3642691:+:526	1	1	3642166	3642691	3632166	3652691	0	46
Interval_266:1:3666684:3667331:+:648	1	1	3666684	3667331	3656684	3677331	4	84
Interval_267:1:3691988:3692232:+:245	1	1	3691988	3692232	3681988	3702232	0	48
Interval_268:1:3694842:3695189:+:348	1	1	3694842	3695189	3684842	3705189	0	34
Interval_269:1:3701206:3702556:+:1351	1	1	3701206	3702556	3691206	3712556	0	58
Interval_27:1:696339:697169:+:831	1	1	696339	697169	686339	707169	2	36
Interval_270:1:3725721:3726736:+:1016	1	1	3725721	3726736	3715721	3736736	4	54
Interval_271:1:3761129:3761671:+:543	1	1	3761129	3761671	3751129	3771671	0	58
Interval_272:1:3794051:3794288:+:238	1	1	3794051	3794288	3784051	3804288	0	0
Interval_273:1:3924672:3924841:+:170	1	1	3924672	3924841	3914672	3934841	0	106
Interval_274:1:3952436:3952670:+:235	1	1	3952436	3952670	3942436	3962670	2	120
Interval_275:1:3965560:3965919:+:360	1	1	3965560	3965919	3955560	3975919	0	78
Interval_276:1:3968708:3969705:+:998	1	1	3968708	3969705	3958708	3979705	4	72
Interval_277:1:3974246:3974773:+:528	1	1	3974246	3974773	3964246	3984773	0	46
Interval_278:1:3975674:3976190:+:517	1	1	3975674	3976190	3965674	3986190	0	46
Interval_279:1:3985852:3986179:+:328	1	1	3985852	3986179	3975852	3996179	0	70
Interval_28:1:699037:700194:+:1158	1	1	699037	700194	689037	710194	4	66
Interval_280:1:3998780:3999073:+:294	1	1	3998780	3999073	3988780	4009073	0	52
Interval_281:1:4014975:4015283:+:309	1	1	4014975	4015283	4004975	4025283	0	32
Interval_282:1:4019673:4019917:+:245	1	1	4019673	4019917	4009673	4029917	0	48
Interval_283:1:4021139:4022032:+:894	1	1	4021139	4022032	4011139	4032032	0	48
Interval_284:1:4025310:4025851:+:542	1	1	4025310	4025851	4015310	4035851	4	48
Interval_285:1:4026759:4027228:+:470	1	1	4026759	4027228	4016759	4037228	0	48
Interval_286:1:4036982:4037399:+:418	1	1	4036982	4037399	4026982	4047399	4	68
Interval_287:1:4040011:4041108:+:1098	1	1	4040011	4041108	4030011	4051108	2	86
Interval_288:1:4041406:4041575:+:170	1	1	4041406	4041575	4031406	4051575	0	92
Interval_289:1:4054013:4054170:+:158	1	1	4054013	4054170	4044013	4064170	0	82
Interval_29:1:703239:703425:+:187	1	1	703239	703425	693239	713425	4	92
Interval_290:1:4060598:4060845:+:248	1	1	4060598	4060845	4050598	4070845	0	92
Interval_291:1:4062036:4062212:+:177	1	1	4062036	4062212	4052036	4072212	0	90
Interval_292:1:4066689:4066845:+:157	1	1	4066689	4066845	4056689	4076845	0	82
Interval_293:1:4081502:4081743:+:242	1	1	4081502	4081743	4071502	4091743	2	110
Interval_294:1:4101440:4102746:+:1307	1	1	4101440	4102746	4091440	4112746	6	56
Interval_295:1:4105295:4106164:+:870	1	1	4105295	4106164	4095295	4116164	0	52
Interval_296:1:4107736:4107947:+:212	1	1	4107736	4107947	4097736	4117947	0	46
Interval_297:1:4109149:4109483:+:335	1	1	4109149	4109483	4099149	4119483	4	42
Interval_298:1:4159864:4160982:+:1119	1	1	4159864	4160982	4149864	4170982	2	66
Interval_299:1:4166503:4167164:+:662	1	1	4166503	4167164	4156503	4177164	0	74
Interval_3:1:238061:238558:+:498	1	1	238061	238558	228061	248558	0	0
Interval_30:1:705018:705201:+:184	1	1	705018	705201	695018	715201	4	92
Interval_300:1:4167209:4167622:+:414	1	1	4167209	4167622	4157209	4177622	0	74
Interval_301:1:4194550:4196381:+:1832	1	1	4194550	4196381	4184550	4206381	8	38
Interval_302:1:4199267:4199556:+:290	1	1	4199267	4199556	4189267	4209556	0	36
Interval_303:1:4200822:4201707:+:886	1	1	4200822	4201707	4190822	4211707	0	36
Interval_304:1:4204058:4204439:+:382	1	1	4204058	4204439	4194058	4214439	4	46
Interval_305:1:4208482:4210078:+:1597	1	1	4208482	4210078	4198482	4220078	2	34
Interval_306:1:4220345:4220680:+:336	1	1	4220345	4220680	4210345	4230680	0	16
Interval_307:1:4221503:4222106:+:604	1	1	4221503	4222106	4211503	4232106	0	16
Interval_308:1:4234904:4235205:+:302	1	1	4234904	4235205	4224904	4245205	0	58
Interval_309:1:4238685:4239263:+:579	1	1	4238685	4239263	4228685	4249263	0	72
Interval_31:1:706205:707491:+:1287	1	1	706205	707491	696205	717491	6	108
Interval_310:1:4243785:4244019:+:235	1	1	4243785	4244019	4233785	4254019	0	92
Interval_311:1:4246222:4247113:+:892	1	1	4246222	4247113	4236222	4257113	0	90
Interval_312:1:4248741:4250108:+:1368	1	1	4248741	4250108	4238741	4260108	6	84
Interval_313:1:4255456:4256671:+:1216	1	1	4255456	4256671	4245456	4266671	2	102
Interval_314:1:4257190:4257535:+:346	1	1	4257190	4257535	4247190	4267535	4	100
Interval_315:1:4363064:4363672:+:609	1	1	4363064	4363672	4353064	4373672	0	26
Interval_316:1:4392539:4392916:+:378	1	1	4392539	4392916	4382539	4402916	2	94
Interval_317:1:4407993:4408844:+:852	1	1	4407993	4408844	4397993	4418844	0	74
Interval_318:1:4419198:4419353:+:156	1	1	4419198	4419353	4409198	4429353	2	90
Interval_319:1:4423744:4424729:+:986	1	1	4423744	4424729	4413744	4434729	16	94
Interval_32:1:709223:709403:+:181	1	1	709223	709403	699223	719403	4	114
Interval_320:1:4440420:4441835:+:1416	1	1	4440420	4441835	4430420	4451835	2	60
Interval_321:1:4449087:4450301:+:1215	1	1	4449087	4450301	4439087	4460301	2	16
Interval_322:1:4452239:4452753:+:515	1	1	4452239	4452753	4442239	4462753	2	14
Interval_323:1:4470870:4472007:+:1138	1	1	4470870	4472007	4460870	4482007	0	0
Interval_324:1:4483382:4483595:+:214	1	1	4483382	4483595	4473382	4493595	0	0
Interval_325:1:4496501:4497758:+:1258	1	1	4496501	4497758	4486501	4507758	0	0
Interval_326:1:4500539:4500811:+:273	1	1	4500539	4500811	4490539	4510811	0	0
Interval_327:1:4501334:4501470:+:137	1	1	4501334	4501470	4491334	4511470	0	0
Interval_328:1:4502039:4502345:+:307	1	1	4502039	4502345	4492039	4512345	0	0
Interval_329:1:4503005:4503808:+:804	1	1	4503005	4503808	4493005	4513808	0	0
Interval_33:1:712768:713568:+:801	1	1	712768	713568	702768	723568	8	138
Interval_330:1:4507217:4507506:+:290	1	1	4507217	4507506	4497217	4517506	0	0
Interval_331:1:4509075:4509376:+:302	1	1	4509075	4509376	4499075	4519376	0	0
Interval_332:1:4525727:4526055:+:329	1	1	4525727	4526055	4515727	4536055	0	6
Interval_333:1:4530271:4530483:+:213	1	1	4530271	4530483	4520271	4540483	0	14
Interval_334:1:4534902:4535124:+:223	1	1	4534902	4535124	4524902	4545124	0	40
Interval_335:1:4544972:4545180:+:209	1	1	4544972	4545180	4534972	4555180	0	130
Interval_336:1:4549472:4549748:+:277	1	1	4549472	4549748	4539472	4559748	4	174
Interval_337:1:4568428:4570968:+:2541	1	1	4568428	4570968	4558428	4580968	14	194
Interval_338:1:4581233:4582012:+:780	1	1	4581233	4582012	4571233	4592012	14	248
Interval_339:1:4582522:4582709:+:188	1	1	4582522	4582709	4572522	4592709	0	244
Interval_34:1:746708:746923:+:216	1	1	746708	746923	736708	756923	2	128
Interval_340:1:4597104:4597412:+:309	1	1	4597104	4597412	4587104	4607412	4	198
Interval_341:1:4602454:4603556:+:1103	1	1	4602454	4603556	4592454	4613556	18	178
Interval_342:1:4613432:4613713:+:282	1	1	4613432	4613713	4603432	4623713	0	166
Interval_343:1:4620173:4620932:+:760	1	1	4620173	4620932	4610173	4630932	6	166
Interval_344:1:4621560:4621829:+:270	1	1	4621560	4621829	4611560	4631829	4	164
Interval_345:1:4628886:4630004:+:1119	1	1	4628886	4630004	4618886	4640004	8	126
Interval_346:1:4630933:4632796:+:1864	1	1	4630933	4632796	4620933	4642796	20	128
Interval_347:1:4642294:4643168:+:875	1	1	4642294	4643168	4632294	4653168	2	150
Interval_348:1:4643763:4644175:+:413	1	1	4643763	4644175	4633763	4654175	0	142
Interval_349:1:4648737:4649298:+:562	1	1	4648737	4649298	4638737	4659298	4	162
Interval_35:1:755339:755816:+:478	1	1	755339	755816	745339	765816	2	88
Interval_350:1:4649674:4651394:+:1721	1	1	4649674	4651394	4639674	4661394	34	176
Interval_351:1:4659163:4660385:+:1223	1	1	4659163	4660385	4649163	4670385	12	168
Interval_352:1:4666923:4667254:+:332	1	1	4666923	4667254	4656923	4677254	4	98
Interval_353:1:4746141:4746694:+:554	1	1	4746141	4746694	4736141	4756694	0	36
Interval_354:1:4782809:4783411:+:603	1	1	4782809	4783411	4772809	4793411	0	112
Interval_355:1:4788561:4788862:+:302	1	1	4788561	4788862	4778561	4798862	2	108
Interval_356:1:4789008:4789164:+:157	1	1	4789008	4789164	4779008	4799164	2	108
Interval_357:1:4790175:4790445:+:271	1	1	4790175	4790445	4780175	4800445	0	108
Interval_358:1:4796987:4797366:+:380	1	1	4796987	4797366	4786987	4807366	0	130
Interval_359:1:4802783:4803386:+:604	1	1	4802783	4803386	4792783	4813386	4	146
Interval_36:1:810987:811213:+:227	1	1	810987	811213	800987	821213	0	84
Interval_360:1:4837743:4838123:+:381	1	1	4837743	4838123	4827743	4848123	6	260
Interval_361:1:4858270:4859318:+:1049	1	1	4858270	4859318	4848270	4869318	2	164
Interval_362:1:4867619:4868356:+:738	1	1	4867619	4868356	4857619	4878356	0	102
Interval_363:1:4873289:4873441:+:153	1	1	4873289	4873441	4863289	4883441	0	82
Interval_364:1:4880505:4881971:+:1467	1	1	4880505	4881971	4870505	4891971	2	100
Interval_365:1:4898293:4899023:+:731	1	1	4898293	4899023	4888293	4909023	4	230
Interval_366:1:4901752:4902454:+:703	1	1	4901752	4902454	4891752	4912454	0	210
Interval_367:1:4903652:4903805:+:154	1	1	4903652	4903805	4893652	4913805	2	210
Interval_368:1:4915496:4916496:+:1001	1	1	4915496	4916496	4905496	4926496	4	180
Interval_369:1:4937456:4937658:+:203	1	1	4937456	4937658	4927456	4947658	0	100
Interval_37:1:814984:815874:+:891	1	1	814984	815874	804984	825874	0	86
Interval_370:1:4938347:4938557:+:211	1	1	4938347	4938557	4928347	4948557	0	94
Interval_371:1:4947391:4948113:+:723	1	1	4947391	4948113	4937391	4958113	2	66
Interval_372:1:4956873:4957244:+:372	1	1	4956873	4957244	4946873	4967244	0	58
Interval_373:1:4980215:4980811:+:597	1	1	4980215	4980811	4970215	4990811	2	102
Interval_374:1:4989933:4990143:+:211	1	1	4989933	4990143	4979933	5000143	0	132
Interval_375:1:4996405:4997369:+:965	1	1	4996405	4997369	4986405	5007369	10	116
Interval_376:1:4998066:4998562:+:497	1	1	4998066	4998562	4988066	5008562	2	108
Interval_377:1:5015583:5017320:+:1738	1	1	5015583	5017320	5005583	5027320	4	40
Interval_378:1:5018810:5019235:+:426	1	1	5018810	5019235	5008810	5029235	2	34
Interval_379:1:5024594:5024806:+:213	1	1	5024594	5024806	5014594	5034806	0	32
Interval_38:1:850399:850895:+:497	1	1	850399	850895	840399	860895	0	12
Interval_380:1:5096012:5096176:+:165	1	1	5096012	5096176	5086012	5106176	0	16
Interval_381:1:5107537:5108503:+:967	1	1	5107537	5108503	5097537	5118503	6	102
Interval_382:1:5114790:5115432:+:643	1	1	5114790	5115432	5104790	5125432	8	148
Interval_383:1:5118428:5119384:+:957	1	1	5118428	5119384	5108428	5129384	6	148
Interval_384:1:5123933:5124488:+:556	1	1	5123933	5124488	5113933	5134488	4	136
Interval_385:1:5137789:5138719:+:931	1	1	5137789	5138719	5127789	5148719	0	82
Interval_386:1:5138963:5139410:+:448	1	1	5138963	5139410	5128963	5149410	0	76
Interval_387:1:5141510:5142115:+:606	1	1	5141510	5142115	5131510	5152115	2	88
Interval_388:1:5166157:5166397:+:241	1	1	5166157	5166397	5156157	5176397	0	82
Interval_389:1:5187090:5189099:+:2010	1	1	5187090	5189099	5177090	5199099	4	74
Interval_39:1:865393:865970:+:578	1	1	865393	865970	855393	875970	0	34
Interval_390:1:5202175:5203307:+:1133	1	1	5202175	5203307	5192175	5213307	4	124
Interval_391:1:5206100:5206365:+:266	1	1	5206100	5206365	5196100	5216365	2	120
Interval_392:1:5232865:5233394:+:530	1	1	5232865	5233394	5222865	5243394	4	150
Interval_393:1:5238507:5239417:+:911	1	1	5238507	5239417	5228507	5249417	10	112
Interval_394:1:5240389:5240524:+:136	1	1	5240389	5240524	5230389	5250524	0	92
Interval_395:1:5251007:5251372:+:366	1	1	5251007	5251372	5241007	5261372	0	84
Interval_396:1:5259155:5259450:+:296	1	1	5259155	5259450	5249155	5269450	0	110
Interval_397:1:5265981:5266765:+:785	1	1	5265981	5266765	5255981	5276765	6	112
Interval_398:1:5271366:5272038:+:673	1	1	5271366	5272038	5261366	5282038	2	88
Interval_399:1:5287807:5287955:+:149	1	1	5287807	5287955	5277807	5297955	0	42
Interval_4:1:256738:257902:+:1165	1	1	256738	257902	246738	267902	0	4
Interval_40:1:867216:868332:+:1117	1	1	867216	868332	857216	878332	2	38
Interval_400:1:5289033:5289873:+:841	1	1	5289033	5289873	5279033	5299873	10	42
Interval_401:1:5293532:5293924:+:393	1	1	5293532	5293924	5283532	5303924	0	58
Interval_402:1:5303445:5303796:+:352	1	1	5303445	5303796	5293445	5313796	4	110
Interval_403:1:5305324:5305754:+:431	1	1	5305324	5305754	5295324	5315754	4	122
Interval_404:1:5312022:5312203:+:182	1	1	5312022	5312203	5302022	5322203	0	144
Interval_405:1:5315258:5315615:+:358	1	1	5315258	5315615	5305258	5325615	8	166
Interval_406:1:5316874:5317312:+:439	1	1	5316874	5317312	5306874	5327312	2	154
Interval_407:1:5323104:5324110:+:1007	1	1	5323104	5324110	5313104	5334110	2	130
Interval_408:1:5330123:5330402:+:280	1	1	5330123	5330402	5320123	5340402	0	98
Interval_409:1:5335050:5335693:+:644	1	1	5335050	5335693	5325050	5345693	0	80
Interval_41:1:872226:872612:+:387	1	1	872226	872612	862226	882612	6	70
Interval_410:1:5337472:5337970:+:499	1	1	5337472	5337970	5327472	5347970	0	52
Interval_411:1:5341935:5342484:+:550	1	1	5341935	5342484	5331935	5352484	0	52
Interval_412:1:5343132:5343384:+:253	1	1	5343132	5343384	5333132	5353384	0	56
Interval_413:1:5353820:5354121:+:302	1	1	5353820	5354121	5343820	5364121	0	88
Interval_414:1:5359423:5360093:+:671	1	1	5359423	5360093	5349423	5370093	4	152
Interval_415:1:5360562:5361576:+:1015	1	1	5360562	5361576	5350562	5371576	8	156
Interval_416:1:5363951:5364261:+:311	1	1	5363951	5364261	5353951	5374261	0	142
Interval_417:1:5366040:5366787:+:748	1	1	5366040	5366787	5356040	5376787	18	162
Interval_418:1:5383025:5383458:+:434	1	1	5383025	5383458	5373025	5393458	10	88
Interval_419:1:5397356:5398219:+:864	1	1	5397356	5398219	5387356	5408219	4	30
Interval_42:1:880409:880974:+:566	1	1	880409	880974	870409	890974	10	58
Interval_420:1:5401268:5402023:+:756	1	1	5401268	5402023	5391268	5412023	0	50
Interval_421:1:5412356:5414662:+:2307	1	1	5412356	5414662	5402356	5424662	14	124
Interval_422:1:5430991:5431293:+:303	1	1	5430991	5431293	5420991	5441293	0	132
Interval_423:1:5438811:5439046:+:236	1	1	5438811	5439046	5428811	5449046	0	114
Interval_424:1:5440546:5441077:+:532	1	1	5440546	5441077	5430546	5451077	2	100
Interval_425:1:5447363:5448462:+:1100	1	1	5447363	5448462	5437363	5458462	2	122
Interval_426:1:5451565:5451818:+:254	1	1	5451565	5451818	5441565	5461818	0	86
Interval_427:1:5461400:5463263:+:1864	1	1	5461400	5463263	5451400	5473263	8	144
Interval_428:1:5473740:5475006:+:1267	1	1	5473740	5475006	5463740	5485006	20	150
Interval_429:1:5482496:5482767:+:272	1	1	5482496	5482767	5472496	5492767	2	108
Interval_43:1:912289:912834:+:546	1	1	912289	912834	902289	922834	2	114
Interval_430:1:5489303:5489804:+:502	1	1	5489303	5489804	5479303	5499804	2	82
Interval_431:1:5493367:5493586:+:220	1	1	5493367	5493586	5483367	5503586	4	80
Interval_432:1:5498011:5499151:+:1141	1	1	5498011	5499151	5488011	5509151	4	136
Interval_433:1:5502210:5502410:+:201	1	1	5502210	5502410	5492210	5512410	0	136
Interval_434:1:5508405:5508671:+:267	1	1	5508405	5508671	5498405	5518671	0	166
Interval_435:1:5513822:5514370:+:549	1	1	5513822	5514370	5503822	5524370	2	148
Interval_436:1:5515784:5516216:+:433	1	1	5515784	5516216	5505784	5526216	2	118
Interval_437:1:5540602:5542126:+:1525	1	1	5540602	5542126	5530602	5552126	2	144
Interval_438:1:5551171:5551450:+:280	1	1	5551171	5551450	5541171	5561450	4	206
Interval_439:1:5558728:5559197:+:470	1	1	5558728	5559197	5548728	5569197	6	306
Interval_44:1:922031:924129:+:2099	1	1	922031	924129	912031	934129	14	98
Interval_440:1:5577541:5577857:+:317	1	1	5577541	5577857	5567541	5587857	2	102
Interval_441:1:5578486:5578769:+:284	1	1	5578486	5578769	5568486	5588769	2	94
Interval_442:1:5584588:5585483:+:896	1	1	5584588	5585483	5574588	5595483	6	118
Interval_443:1:5587468:5587808:+:341	1	1	5587468	5587808	5577468	5597808	2	136
Interval_444:1:5588772:5589163:+:392	1	1	5588772	5589163	5578772	5599163	0	146
Interval_445:1:5599496:5599655:+:160	1	1	5599496	5599655	5589496	5609655	0	240
Interval_446:1:5603998:5604340:+:343	1	1	5603998	5604340	5593998	5614340	0	214
Interval_447:1:5611578:5612967:+:1390	1	1	5611578	5612967	5601578	5622967	14	190
Interval_448:1:5617054:5617505:+:452	1	1	5617054	5617505	5607054	5627505	0	136
Interval_449:1:5622760:5623229:+:470	1	1	5622760	5623229	5612760	5633229	0	132
Interval_45:1:944716:944988:+:273	1	1	944716	944988	934716	954988	0	64
Interval_450:1:5624869:5625540:+:672	1	1	5624869	5625540	5614869	5635540	6	118
Interval_451:1:5641419:5642423:+:1005	1	1	5641419	5642423	5631419	5652423	2	24
Interval_452:1:5643544:5643746:+:203	1	1	5643544	5643746	5633544	5653746	0	24
Interval_453:1:5648239:5648382:+:144	1	1	5648239	5648382	5638239	5658382	0	30
Interval_454:1:5654667:5655989:+:1323	1	1	5654667	5655989	5644667	5665989	2	52
Interval_455:1:5666051:5666369:+:319	1	1	5666051	5666369	5656051	5676369	0	62
Interval_456:1:5687487:5687713:+:227	1	1	5687487	5687713	5677487	5697713	0	122
Interval_457:1:5703024:5704132:+:1109	1	1	5703024	5704132	5693024	5714132	6	74
Interval_458:1:5706106:5707054:+:949	1	1	5706106	5707054	5696106	5717054	4	70
Interval_459:1:5710153:5710712:+:560	1	1	5710153	5710712	5700153	5720712	2	80
Interval_46:1:948969:949663:+:695	1	1	948969	949663	938969	959663	8	118
Interval_460:1:5718200:5718344:+:145	1	1	5718200	5718344	5708200	5728344	0	120
Interval_461:1:5719240:5720054:+:815	1	1	5719240	5720054	5709240	5730054	8	134
Interval_462:1:5731282:5731465:+:184	1	1	5731282	5731465	5721282	5741465	0	112
Interval_463:1:5732669:5733224:+:556	1	1	5732669	5733224	5722669	5743224	0	114
Interval_464:1:5739877:5740339:+:463	1	1	5739877	5740339	5729877	5750339	2	82
Interval_465:1:5741016:5741889:+:874	1	1	5741016	5741889	5731016	5751889	0	56
Interval_466:1:5747847:5748515:+:669	1	1	5747847	5748515	5737847	5758515	6	34
Interval_467:1:5831702:5832018:+:317	1	1	5831702	5832018	5821702	5842018	0	116
Interval_468:1:5833120:5833854:+:735	1	1	5833120	5833854	5823120	5843854	2	126
Interval_469:1:5842052:5842721:+:670	1	1	5842052	5842721	5832052	5852721	0	184
Interval_47:1:967267:967670:+:404	1	1	967267	967670	957267	977670	2	128
Interval_470:1:5851933:5853465:+:1533	1	1	5851933	5853465	5841933	5863465	10	160
Interval_471:1:5854283:5854477:+:195	1	1	5854283	5854477	5844283	5864477	2	150
Interval_472:1:5863432:5864137:+:706	1	1	5863432	5864137	5853432	5874137	0	128
Interval_473:1:5865745:5866102:+:358	1	1	5865745	5866102	5855745	5876102	0	100
Interval_474:1:5867751:5868494:+:744	1	1	5867751	5868494	5857751	5878494	0	100
Interval_475:1:5870143:5870819:+:677	1	1	5870143	5870819	5860143	5880819	0	94
Interval_476:1:5882237:5882395:+:159	1	1	5882237	5882395	5872237	5892395	2	108
Interval_477:1:5890366:5892473:+:2108	1	1	5890366	5892473	5880366	5902473	10	142
Interval_478:1:5894975:5895201:+:227	1	1	5894975	5895201	5884975	5905201	4	102
Interval_479:1:5899106:5899556:+:451	1	1	5899106	5899556	5889106	5909556	2	92
Interval_48:1:984485:986100:+:1616	1	1	984485	986100	974485	996100	2	48
Interval_480:1:5904109:5904387:+:279	1	1	5904109	5904387	5894109	5914387	0	60
Interval_481:1:5905708:5906086:+:379	1	1	5905708	5906086	5895708	5916086	2	48
Interval_482:1:5921180:5921341:+:162	1	1	5921180	5921341	5911180	5931341	2	66
Interval_483:1:5924321:5925820:+:1500	1	1	5924321	5925820	5914321	5935820	8	78
Interval_484:1:5930872:5931317:+:446	1	1	5930872	5931317	5920872	5941317	10	78
Interval_485:1:5931559:5931761:+:203	1	1	5931559	5931761	5921559	5941761	0	76
Interval_486:1:5933022:5934543:+:1522	1	1	5933022	5934543	5923022	5944543	8	84
Interval_487:1:5939151:5939654:+:504	1	1	5939151	5939654	5929151	5949654	2	76
Interval_488:1:5939758:5939936:+:179	1	1	5939758	5939936	5929758	5949936	0	70
Interval_489:1:5942272:5943406:+:1135	1	1	5942272	5943406	5932272	5953406	2	74
Interval_49:1:1001826:1002939:+:1114	1	1	1001826	1002939	991826	1012939	20	114
Interval_490:1:5953542:5955145:+:1604	1	1	5953542	5955145	5943542	5965145	20	108
Interval_491:1:5964672:5965336:+:665	1	1	5964672	5965336	5954672	5975336	8	50
Interval_492:1:5973612:5974164:+:553	1	1	5973612	5974164	5963612	5984164	0	66
Interval_493:1:5976954:5977209:+:256	1	1	5976954	5977209	5966954	5987209	0	88
Interval_494:1:5981503:5982059:+:557	1	1	5981503	5982059	5971503	5992059	4	108
Interval_495:1:5988832:5989370:+:539	1	1	5988832	5989370	5978832	5999370	4	116
Interval_496:1:5994403:5996284:+:1882	1	1	5994403	5996284	5984403	6006284	8	96
Interval_497:1:6009147:6009441:+:295	1	1	6009147	6009441	5999147	6019441	0	106
Interval_498:1:6014384:6015068:+:685	1	1	6014384	6015068	6004384	6025068	2	174
Interval_499:1:6020492:6021637:+:1146	1	1	6020492	6021637	6010492	6031637	8	206
Interval_5:1:258952:259786:+:835	1	1	258952	259786	248952	269786	0	4
Interval_50:1:1013070:1013250:+:181	1	1	1013070	1013250	1003070	1023250	0	90
Interval_500:1:6024953:6025402:+:450	1	1	6024953	6025402	6014953	6035402	10	190
Interval_501:1:6046187:6047150:+:964	1	1	6046187	6047150	6036187	6057150	8	200
Interval_502:1:6056949:6057153:+:205	1	1	6056949	6057153	6046949	6067153	0	160
Interval_503:1:6058532:6059186:+:655	1	1	6058532	6059186	6048532	6069186	4	176
Interval_504:1:6068844:6069416:+:573	1	1	6068844	6069416	6058844	6079416	2	184
Interval_505:1:6073434:6073920:+:487	1	1	6073434	6073920	6063434	6083920	4	246
Interval_506:1:6082219:6082600:+:382	1	1	6082219	6082600	6072219	6092600	4	186
Interval_507:1:6083647:6083860:+:214	1	1	6083647	6083860	6073647	6093860	6	168
Interval_508:1:6090810:6092274:+:1465	1	1	6090810	6092274	6080810	6102274	12	206
Interval_509:1:6094459:6095158:+:700	1	1	6094459	6095158	6084459	6105158	6	158
Interval_51:1:1017822:1019086:+:1265	1	1	1017822	1019086	1007822	1029086	2	68
Interval_510:1:6105609:6105771:+:163	1	1	6105609	6105771	6095609	6115771	0	178
Interval_511:1:6108698:6108885:+:188	1	1	6108698	6108885	6098698	6118885	8	178
Interval_512:1:6123931:6124699:+:769	1	1	6123931	6124699	6113931	6134699	24	182
Interval_513:1:6128702:6129056:+:355	1	1	6128702	6129056	6118702	6139056	4	194
Interval_514:1:6133871:6134396:+:526	1	1	6133871	6134396	6123871	6144396	4	200
Interval_515:1:6136362:6137098:+:737	1	1	6136362	6137098	6126362	6147098	4	150
Interval_516:1:6149343:6149509:+:167	1	1	6149343	6149509	6139343	6159509	0	116
Interval_517:1:6152509:6153077:+:569	1	1	6152509	6153077	6142509	6163077	0	90
Interval_518:1:6155165:6155467:+:303	1	1	6155165	6155467	6145165	6165467	0	88
Interval_519:1:6155944:6156439:+:496	1	1	6155944	6156439	6145944	6166439	0	88
Interval_52:1:1025812:1025998:+:187	1	1	1025812	1025998	1015812	1035998	0	74
Interval_520:1:6157855:6158724:+:870	1	1	6157855	6158724	6147855	6168724	6	72
Interval_521:1:6162865:6163277:+:413	1	1	6162865	6163277	6152865	6173277	4	32
Interval_522:1:6180720:6180979:+:260	1	1	6180720	6180979	6170720	6190979	0	12
Interval_523:1:6184934:6185413:+:480	1	1	6184934	6185413	6174934	6195413	0	12
Interval_524:1:6207033:6207319:+:287	1	1	6207033	6207319	6197033	6217319	0	48
Interval_525:1:6218577:6218932:+:356	1	1	6218577	6218932	6208577	6228932	0	42
Interval_526:1:6241704:6242268:+:565	1	1	6241704	6242268	6231704	6252268	2	96
Interval_527:1:6250852:6251467:+:616	1	1	6250852	6251467	6240852	6261467	0	78
Interval_528:1:6253185:6253410:+:226	1	1	6253185	6253410	6243185	6263410	0	78
Interval_529:1:6263583:6265172:+:1590	1	1	6263583	6265172	6253583	6275172	6	88
Interval_53:1:1030733:1031845:+:1113	1	1	1030733	1031845	1020733	1041845	8	72
Interval_530:1:6268971:6270456:+:1486	1	1	6268971	6270456	6258971	6280456	8	104
Interval_531:1:6271432:6272006:+:575	1	1	6271432	6272006	6261432	6282006	8	110
Interval_532:1:6275094:6275463:+:370	1	1	6275094	6275463	6265094	6285463	0	124
Interval_533:1:6279639:6279817:+:179	1	1	6279639	6279817	6269639	6289817	0	142
Interval_534:1:6285140:6285603:+:464	1	1	6285140	6285603	6275140	6295603	0	124
Interval_535:1:6290904:6292581:+:1678	1	1	6290904	6292581	6280904	6302581	10	144
Interval_536:1:6301818:6302338:+:521	1	1	6301818	6302338	6291818	6312338	2	130
Interval_537:1:6304246:6305953:+:1708	1	1	6304246	6305953	6294246	6315953	22	138
Interval_538:1:6311826:6313728:+:1903	1	1	6311826	6313728	6301826	6323728	8	88
Interval_539:1:6314386:6314801:+:416	1	1	6314386	6314801	6304386	6324801	0	64
Interval_54:1:1036449:1037085:+:637	1	1	1036449	1037085	1026449	1047085	2	88
Interval_540:1:6315512:6315984:+:473	1	1	6315512	6315984	6305512	6325984	2	48
Interval_541:1:6330364:6330615:+:252	1	1	6330364	6330615	6320364	6340615	0	94
Interval_542:1:6356096:6356386:+:291	1	1	6356096	6356386	6346096	6366386	6	140
Interval_543:1:6360398:6361507:+:1110	1	1	6360398	6361507	6350398	6371507	18	132
Interval_544:1:6366600:6367516:+:917	1	1	6366600	6367516	6356600	6377516	0	120
Interval_545:1:6371654:6371880:+:227	1	1	6371654	6371880	6361654	6381880	0	118
Interval_546:1:6393054:6394081:+:1028	1	1	6393054	6394081	6383054	6404081	10	62
Interval_547:1:6401390:6402233:+:844	1	1	6401390	6402233	6391390	6412233	2	60
Interval_548:1:6404424:6405105:+:682	1	1	6404424	6405105	6394424	6415105	2	66
Interval_549:1:6429590:6429928:+:339	1	1	6429590	6429928	6419590	6439928	2	108
Interval_55:1:1123144:1123568:+:425	1	1	1123144	1123568	1113144	1133568	0	74
Interval_550:1:6431344:6431546:+:203	1	1	6431344	6431546	6421344	6441546	2	92
Interval_551:1:6435168:6435834:+:667	1	1	6435168	6435834	6425168	6445834	6	82
Interval_552:1:6444072:6444464:+:393	1	1	6444072	6444464	6434072	6454464	0	38
Interval_553:1:6451385:6451834:+:450	1	1	6451385	6451834	6441385	6461834	0	66
Interval_554:1:6454780:6455355:+:576	1	1	6454780	6455355	6444780	6465355	0	66
Interval_555:1:6470496:6470661:+:166	1	1	6470496	6470661	6460496	6480661	2	94
Interval_556:1:6481825:6482208:+:384	1	1	6481825	6482208	6471825	6492208	0	100
Interval_557:1:6482948:6483586:+:639	1	1	6482948	6483586	6472948	6493586	10	98
Interval_558:1:6490148:6490779:+:632	1	1	6490148	6490779	6480148	6500779	4	126
Interval_559:1:6494759:6496434:+:1676	1	1	6494759	6496434	6484759	6506434	18	88
Interval_56:1:1129559:1129818:+:260	1	1	1129559	1129818	1119559	1139818	0	100
Interval_560:1:6503517:6504214:+:698	1	1	6503517	6504214	6493517	6514214	0	116
Interval_561:1:6522948:6523133:+:186	1	1	6522948	6523133	6512948	6533133	2	46
Interval_562:1:6553657:6553813:+:157	1	1	6553657	6553813	6543657	6563813	0	0
Interval_563:1:6556588:6556836:+:249	1	1	6556588	6556836	6546588	6566836	0	0
Interval_564:1:6561072:6561219:+:148	1	1	6561072	6561219	6551072	6571219	0	0
Interval_565:1:6609736:6610174:+:439	1	1	6609736	6610174	6599736	6620174	0	38
Interval_566:1:6617516:6618343:+:828	1	1	6617516	6618343	6607516	6628343	2	52
Interval_567:1:6622381:6622531:+:151	1	1	6622381	6622531	6612381	6632531	2	62
Interval_568:1:6624504:6624676:+:173	1	1	6624504	6624676	6614504	6634676	0	60
Interval_569:1:6626430:6626661:+:232	1	1	6626430	6626661	6616430	6636661	0	60
Interval_57:1:1165200:1165671:+:472	1	1	1165200	1165671	1155200	1175671	6	154
Interval_570:1:6629550:6630100:+:551	1	1	6629550	6630100	6619550	6640100	8	78
Interval_571:1:6633480:6633927:+:448	1	1	6633480	6633927	6623480	6643927	4	94
Interval_572:1:6637358:6638239:+:882	1	1	6637358	6638239	6627358	6648239	10	106
Interval_573:1:6641099:6641921:+:823	1	1	6641099	6641921	6631099	6651921	12	100
Interval_574:1:6645720:6646666:+:947	1	1	6645720	6646666	6635720	6656666	8	106
Interval_575:1:6671873:6672179:+:307	1	1	6671873	6672179	6661873	6682179	4	68
Interval_576:1:6675708:6677049:+:1342	1	1	6675708	6677049	6665708	6687049	6	44
Interval_577:1:6677673:6677929:+:257	1	1	6677673	6677929	6667673	6687929	0	30
Interval_578:1:6681949:6682436:+:488	1	1	6681949	6682436	6671949	6692436	0	20
Interval_579:1:6698331:6698478:+:148	1	1	6698331	6698478	6688331	6708478	0	0
Interval_58:1:1170207:1170361:+:155	1	1	1170207	1170361	1160207	1180361	0	122
Interval_580:1:6719353:6719495:+:143	1	1	6719353	6719495	6709353	6729495	0	32
Interval_581:1:6724769:6725336:+:568	1	1	6724769	6725336	6714769	6735336	0	32
Interval_582:1:6726492:6726713:+:222	1	1	6726492	6726713	6716492	6736713	4	34
Interval_583:1:6727477:6728009:+:533	1	1	6727477	6728009	6717477	6738009	2	36
Interval_584:1:6733185:6733955:+:771	1	1	6733185	6733955	6723185	6743955	2	32
Interval_585:1:6735404:6735929:+:526	1	1	6735404	6735929	6725404	6745929	2	30
Interval_586:1:6739773:6740569:+:797	1	1	6739773	6740569	6729773	6750569	0	22
Interval_587:1:6741393:6742419:+:1027	1	1	6741393	6742419	6731393	6752419	0	22
Interval_588:1:6743155:6744055:+:901	1	1	6743155	6744055	6733155	6754055	2	24
Interval_589:1:6754470:6754711:+:242	1	1	6754470	6754711	6744470	6764711	0	32
Interval_59:1:1171206:1172741:+:1536	1	1	1171206	1172741	1161206	1182741	16	122
Interval_590:1:6762595:6762880:+:286	1	1	6762595	6762880	6752595	6772880	0	26
Interval_591:1:6763979:6764368:+:390	1	1	6763979	6764368	6753979	6774368	0	30
Interval_592:1:6766611:6768541:+:1931	1	1	6766611	6768541	6756611	6778541	0	46
Interval_593:1:6776003:6776956:+:954	1	1	6776003	6776956	6766003	6786956	0	62
Interval_594:1:6789824:6789976:+:153	1	1	6789824	6789976	6779824	6799976	0	96
Interval_595:1:6792930:6793241:+:312	1	1	6792930	6793241	6782930	6803241	2	86
Interval_596:1:6795577:6795817:+:241	1	1	6795577	6795817	6785577	6805817	2	84
Interval_597:1:6810202:6811368:+:1167	1	1	6810202	6811368	6800202	6821368	0	80
Interval_598:1:6816439:6816764:+:326	1	1	6816439	6816764	6806439	6826764	0	98
Interval_599:1:6822888:6824453:+:1566	1	1	6822888	6824453	6812888	6834453	6	150
Interval_6:1:297890:298130:+:241	1	1	297890	298130	287890	308130	0	16
Interval_60:1:1191581:1192181:+:601	1	1	1191581	1192181	1181581	1202181	2	156
Interval_600:1:6832460:6833330:+:871	1	1	6832460	6833330	6822460	6843330	2	178
Interval_601:1:6842144:6843025:+:882	1	1	6842144	6843025	6832144	6853025	2	108
Interval_602:1:6845937:6846315:+:379	1	1	6845937	6846315	6835937	6856315	6	88
Interval_603:1:6866353:6867620:+:1268	1	1	6866353	6867620	6856353	6877620	0	12
Interval_604:1:6870549:6870997:+:449	1	1	6870549	6870997	6860549	6880997	0	28
Interval_605:1:6877167:6877564:+:398	1	1	6877167	6877564	6867167	6887564	0	72
Interval_606:1:6889917:6890647:+:731	1	1	6889917	6890647	6879917	6900647	2	76
Interval_607:1:6894581:6895336:+:756	1	1	6894581	6895336	6884581	6905336	0	24
Interval_608:1:6896015:6896211:+:197	1	1	6896015	6896211	6886015	6906211	0	20
Interval_609:1:6899635:6900109:+:475	1	1	6899635	6900109	6889635	6910109	6	20
Interval_61:1:1211265:1211528:+:264	1	1	1211265	1211528	1201265	1221528	2	162
Interval_610:1:6923355:6923546:+:192	1	1	6923355	6923546	6913355	6933546	0	26
Interval_611:1:6925874:6926332:+:459	1	1	6925874	6926332	6915874	6936332	2	32
Interval_612:1:6928662:6928875:+:214	1	1	6928662	6928875	6918662	6938875	0	26
Interval_613:1:6930390:6931609:+:1220	1	1	6930390	6931609	6920390	6941609	0	34
Interval_614:1:6933823:6934360:+:538	1	1	6933823	6934360	6923823	6944360	0	40
Interval_615:1:6949933:6950778:+:846	1	1	6949933	6950778	6939933	6960778	0	50
Interval_616:1:6958962:6960287:+:1326	1	1	6958962	6960287	6948962	6970287	0	76
Interval_617:1:6969487:6969950:+:464	1	1	6969487	6969950	6959487	6979950	0	72
Interval_618:1:7004732:7005052:+:321	1	1	7004732	7005052	6994732	7015052	4	4
Interval_619:1:7017331:7017838:+:508	1	1	7017331	7017838	7007331	7027838	0	10
Interval_62:1:1212142:1212410:+:269	1	1	1212142	1212410	1202142	1222410	2	168
Interval_620:1:7019234:7019746:+:513	1	1	7019234	7019746	7009234	7029746	0	14
Interval_621:1:7024955:7026029:+:1075	1	1	7024955	7026029	7014955	7036029	0	32
Interval_622:1:7031487:7032197:+:711	1	1	7031487	7032197	7021487	7042197	0	36
Interval_623:1:7043362:7043849:+:488	1	1	7043362	7043849	7033362	7053849	0	48
Interval_624:1:7044908:7045973:+:1066	1	1	7044908	7045973	7034908	7055973	6	46
Interval_625:1:7070653:7070885:+:233	1	1	7070653	7070885	7060653	7080885	0	48
Interval_626:1:7102282:7103685:+:1404	1	1	7102282	7103685	7092282	7113685	0	26
Interval_627:1:7105275:7105946:+:672	1	1	7105275	7105946	7095275	7115946	2	26
Interval_628:1:7121330:7121478:+:149	1	1	7121330	7121478	7111330	7131478	0	96
Interval_629:1:7131489:7132486:+:998	1	1	7131489	7132486	7121489	7142486	6	122
Interval_63:1:1213595:1213774:+:180	1	1	1213595	1213774	1203595	1223774	2	142
Interval_630:1:7146393:7146592:+:200	1	1	7146393	7146592	7136393	7156592	0	84
Interval_631:1:7163577:7164832:+:1256	1	1	7163577	7164832	7153577	7174832	4	90
Interval_632:1:7165694:7166293:+:600	1	1	7165694	7166293	7155694	7176293	0	84
Interval_633:1:7172928:7173160:+:233	1	1	7172928	7173160	7162928	7183160	0	50
Interval_634:1:7174639:7175856:+:1218	1	1	7174639	7175856	7164639	7185856	0	44
Interval_635:1:7182084:7182547:+:464	1	1	7182084	7182547	7172084	7192547	0	56
Interval_636:1:7197041:7197929:+:889	1	1	7197041	7197929	7187041	7207929	4	76
Interval_637:1:7200322:7201018:+:697	1	1	7200322	7201018	7190322	7211018	0	58
Interval_638:1:7201911:7202115:+:205	1	1	7201911	7202115	7191911	7212115	0	52
Interval_639:1:7203932:7204118:+:187	1	1	7203932	7204118	7193932	7214118	0	38
Interval_64:1:1225471:1225965:+:495	1	1	1225471	1225965	1215471	1235965	2	98
Interval_640:1:7221812:7222464:+:653	1	1	7221812	7222464	7211812	7232464	0	20
Interval_641:1:7228848:7229082:+:235	1	1	7228848	7229082	7218848	7239082	0	28
Interval_642:1:7233109:7234520:+:1412	1	1	7233109	7234520	7223109	7244520	0	74
Interval_643:1:7237687:7238480:+:794	1	1	7237687	7238480	7227687	7248480	0	88
Interval_644:1:7239560:7239981:+:422	1	1	7239560	7239981	7229560	7249981	6	88
Interval_645:1:7243098:7243258:+:161	1	1	7243098	7243258	7233098	7253258	2	86
Interval_646:1:7245070:7246120:+:1051	1	1	7245070	7246120	7235070	7256120	10	82
Interval_647:1:7271725:7272329:+:605	1	1	7271725	7272329	7261725	7282329	0	44
Interval_648:1:7273202:7273455:+:254	1	1	7273202	7273455	7263202	7283455	0	44
Interval_649:1:7285984:7287739:+:1756	1	1	7285984	7287739	7275984	7297739	0	94
Interval_65:1:1227855:1228044:+:190	1	1	1227855	1228044	1217855	1238044	0	82
Interval_650:1:7291922:7293145:+:1224	1	1	7291922	7293145	7281922	7303145	2	106
Interval_651:1:7309737:7310154:+:418	1	1	7309737	7310154	7299737	7320154	0	88
Interval_652:1:7321106:7321663:+:558	1	1	7321106	7321663	7311106	7331663	0	112
Interval_653:1:7334967:7335674:+:708	1	1	7334967	7335674	7324967	7345674	6	86
Interval_654:1:7337139:7337361:+:223	1	1	7337139	7337361	7327139	7347361	0	60
Interval_655:1:7384570:7384721:+:152	1	1	7384570	7384721	7374570	7394721	0	84
Interval_656:1:7388979:7389401:+:423	1	1	7388979	7389401	7378979	7399401	2	62
Interval_657:1:7393635:7393801:+:167	1	1	7393635	7393801	7383635	7403801	0	66
Interval_658:1:7419719:7420742:+:1024	1	1	7419719	7420742	7409719	7430742	4	114
Interval_659:1:7428276:7428490:+:215	1	1	7428276	7428490	7418276	7438490	0	70
Interval_66:1:1230532:1230897:+:366	1	1	1230532	1230897	1220532	1240897	4	94
Interval_660:1:7431313:7433161:+:1849	1	1	7431313	7433161	7421313	7443161	2	58
Interval_661:1:7443633:7444565:+:933	1	1	7443633	7444565	7433633	7454565	16	132
Interval_662:1:7450637:7451603:+:967	1	1	7450637	7451603	7440637	7461603	12	130
Interval_663:1:7457405:7457624:+:220	1	1	7457405	7457624	7447405	7467624	2	116
Interval_664:1:7460327:7460788:+:462	1	1	7460327	7460788	7450327	7470788	0	88
Interval_665:1:7465570:7465728:+:159	1	1	7465570	7465728	7455570	7475728	0	66
Interval_666:1:7472135:7473117:+:983	1	1	7472135	7473117	7462135	7483117	0	100
Interval_667:1:7474322:7474504:+:183	1	1	7474322	7474504	7464322	7484504	0	104
Interval_668:1:7485436:7485769:+:334	1	1	7485436	7485769	7475436	7495769	0	88
Interval_669:1:7486816:7487096:+:281	1	1	7486816	7487096	7476816	7497096	0	90
Interval_67:1:1246143:1246655:+:513	1	1	1246143	1246655	1236143	1256655	4	74
Interval_670:1:7507780:7508183:+:404	1	1	7507780	7508183	7497780	7518183	0	14
Interval_671:1:7512934:7513405:+:472	1	1	7512934	7513405	7502934	7523405	2	54
Interval_672:1:7521756:7522069:+:314	1	1	7521756	7522069	7511756	7532069	4	60
Interval_673:1:7528750:7529288:+:539	1	1	7528750	7529288	7518750	7539288	0	66
Interval_674:1:7535684:7535868:+:185	1	1	7535684	7535868	7525684	7545868	0	60
Interval_675:1:7537134:7537374:+:241	1	1	7537134	7537374	7527134	7547374	2	64
Interval_676:1:7538599:7539471:+:873	1	1	7538599	7539471	7528599	7549471	0	68
Interval_677:1:7553359:7553564:+:206	1	1	7553359	7553564	7543359	7563564	4	136
Interval_678:1:7558775:7558953:+:179	1	1	7558775	7558953	7548775	7568953	2	152
Interval_679:1:7564225:7564763:+:539	1	1	7564225	7564763	7554225	7574763	0	146
Interval_68:1:1259526:1260104:+:579	1	1	1259526	1260104	1249526	1270104	0	38
Interval_680:1:7566640:7567112:+:473	1	1	7566640	7567112	7556640	7577112	2	130
Interval_681:1:7568102:7568255:+:154	1	1	7568102	7568255	7558102	7578255	0	126
Interval_682:1:7570694:7570996:+:303	1	1	7570694	7570996	7560694	7580996	0	104
Interval_683:1:7580555:7581937:+:1383	1	1	7580555	7581937	7570555	7591937	2	42
Interval_684:1:7585714:7586004:+:291	1	1	7585714	7586004	7575714	7596004	0	66
Interval_685:1:7592140:7592704:+:565	1	1	7592140	7592704	7582140	7602704	6	108
Interval_686:1:7604404:7605246:+:843	1	1	7604404	7605246	7594404	7615246	2	130
Interval_687:1:7606623:7606840:+:218	1	1	7606623	7606840	7596623	7616840	0	110
Interval_688:1:7608534:7609075:+:542	1	1	7608534	7609075	7598534	7619075	0	98
Interval_689:1:7610479:7610796:+:318	1	1	7610479	7610796	7600479	7620796	0	84
Interval_69:1:1261072:1261325:+:254	1	1	1261072	1261325	1251072	1271325	0	44
Interval_690:1:7630019:7630417:+:399	1	1	7630019	7630417	7620019	7640417	2	62
Interval_691:1:7660525:7661600:+:1076	1	1	7660525	7661600	7650525	7671600	0	28
Interval_692:1:7663409:7663587:+:179	1	1	7663409	7663587	7653409	7673587	0	26
Interval_693:1:7665278:7666367:+:1090	1	1	7665278	7666367	7655278	7676367	0	20
Interval_694:1:7667715:7668258:+:544	1	1	7667715	7668258	7657715	7678258	0	20
Interval_695:1:7670023:7670579:+:557	1	1	7670023	7670579	7660023	7680579	0	0
Interval_696:1:7683446:7683812:+:367	1	1	7683446	7683812	7673446	7693812	0	0
Interval_697:1:7685269:7685580:+:312	1	1	7685269	7685580	7675269	7695580	0	0
Interval_698:1:7690156:7690492:+:337	1	1	7690156	7690492	7680156	7700492	0	2
Interval_699:1:7726570:7726738:+:169	1	1	7726570	7726738	7716570	7736738	0	38
Interval_7:1:363433:363592:+:160	1	1	363433	363592	353433	373592	0	2
Interval_70:1:1267353:1267879:+:527	1	1	1267353	1267879	1257353	1277879	0	78
Interval_700:1:7748371:7748804:+:434	1	1	7748371	7748804	7738371	7758804	0	82
Interval_701:1:7753039:7753284:+:246	1	1	7753039	7753284	7743039	7763284	0	102
Interval_702:1:7762931:7763480:+:550	1	1	7762931	7763480	7752931	7773480	4	86
Interval_703:1:7802044:7802190:+:147	1	1	7802044	7802190	7792044	7812190	0	72
Interval_704:1:7802816:7803236:+:421	1	1	7802816	7803236	7792816	7813236	2	76
Interval_705:1:7806516:7806723:+:208	1	1	7806516	7806723	7796516	7816723	0	60
Interval_706:1:7819101:7819346:+:246	1	1	7819101	7819346	7809101	7829346	0	56
Interval_707:1:7823479:7824926:+:1448	1	1	7823479	7824926	7813479	7834926	8	52
Interval_708:1:7826474:7826748:+:275	1	1	7826474	7826748	7816474	7836748	0	62
Interval_709:1:7829033:7829917:+:885	1	1	7829033	7829917	7819033	7839917	0	78
Interval_71:1:1282017:1282176:+:160	1	1	1282017	1282176	1272017	1292176	0	40
Interval_710:1:7858788:7859206:+:419	1	1	7858788	7859206	7848788	7869206	0	18
Interval_711:1:7861591:7861754:+:164	1	1	7861591	7861754	7851591	7871754	0	22
Interval_712:1:7872402:7872867:+:466	1	1	7872402	7872867	7862402	7882867	0	80
Interval_713:1:7881848:7882478:+:631	1	1	7881848	7882478	7871848	7892478	4	94
Interval_714:1:7884166:7884303:+:138	1	1	7884166	7884303	7874166	7894303	0	108
Interval_715:1:7929185:7931182:+:1998	1	1	7929185	7931182	7919185	7941182	4	52
Interval_716:1:7934371:7934565:+:195	1	1	7934371	7934565	7924371	7944565	0	42
Interval_717:1:7935059:7936459:+:1401	1	1	7935059	7936459	7925059	7946459	0	48
Interval_718:1:7942989:7943282:+:294	1	1	7942989	7943282	7932989	7953282	0	58
Interval_719:1:7949056:7949258:+:203	1	1	7949056	7949258	7939056	7959258	0	90
Interval_72:1:1288363:1288525:+:163	1	1	1288363	1288525	1278363	1298525	0	6
Interval_720:1:7964716:7965554:+:839	1	1	7964716	7965554	7954716	7975554	6	92
Interval_721:1:7967630:7967862:+:233	1	1	7967630	7967862	7957630	7977862	4	70
Interval_722:1:7969135:7969449:+:315	1	1	7969135	7969449	7959135	7979449	2	64
Interval_723:1:7969814:7970402:+:589	1	1	7969814	7970402	7959814	7980402	4	62
Interval_724:1:7979255:7979484:+:230	1	1	7979255	7979484	7969255	7989484	0	22
Interval_725:1:7991838:7992193:+:356	1	1	7991838	7992193	7981838	8002193	2	66
Interval_726:1:8002074:8002293:+:220	1	1	8002074	8002293	7992074	8012293	2	64
Interval_727:1:8015315:8017086:+:1772	1	1	8015315	8017086	8005315	8027086	0	60
Interval_728:1:8023181:8024314:+:1134	1	1	8023181	8024314	8013181	8034314	6	106
Interval_729:1:8032335:8032558:+:224	1	1	8032335	8032558	8022335	8042558	2	112
Interval_73:1:1307846:1308137:+:292	1	1	1307846	1308137	1297846	1318137	2	52
Interval_730:1:8035887:8036735:+:849	1	1	8035887	8036735	8025887	8046735	2	120
Interval_731:1:8056058:8057777:+:1720	1	1	8056058	8057777	8046058	8067777	12	110
Interval_732:1:8068412:8069897:+:1486	1	1	8068412	8069897	8058412	8079897	2	110
Interval_733:1:8077580:8077969:+:390	1	1	8077580	8077969	8067580	8087969	0	108
Interval_734:1:8084456:8086790:+:2335	1	1	8084456	8086790	8074456	8096790	22	114
Interval_735:1:8102542:8102733:+:192	1	1	8102542	8102733	8092542	8112733	2	96
Interval_736:1:8113003:8113454:+:452	1	1	8113003	8113454	8103003	8123454	4	106
Interval_737:1:8115173:8115719:+:547	1	1	8115173	8115719	8105173	8125719	0	98
Interval_738:1:8119859:8121772:+:1914	1	1	8119859	8121772	8109859	8131772	10	88
Interval_739:1:8125974:8126654:+:681	1	1	8125974	8126654	8115974	8136654	0	96
Interval_74:1:1322777:1322988:+:212	1	1	1322777	1322988	1312777	1332988	0	50
Interval_740:1:8131612:8131771:+:160	1	1	8131612	8131771	8121612	8141771	0	104
Interval_741:1:8150204:8152052:+:1849	1	1	8150204	8152052	8140204	8162052	0	58
Interval_742:1:8157434:8158209:+:776	1	1	8157434	8158209	8147434	8168209	2	40
Interval_743:1:8162964:8163141:+:178	1	1	8162964	8163141	8152964	8173141	0	66
Interval_744:1:8171534:8172111:+:578	1	1	8171534	8172111	8161534	8182111	4	112
Interval_745:1:8176186:8176387:+:202	1	1	8176186	8176387	8166186	8186387	2	118
Interval_746:1:8184746:8185166:+:421	1	1	8184746	8185166	8174746	8195166	2	116
Interval_747:1:8190525:8190770:+:246	1	1	8190525	8190770	8180525	8200770	0	94
Interval_748:1:8205918:8206298:+:381	1	1	8205918	8206298	8195918	8216298	4	78
Interval_749:1:8216867:8217734:+:868	1	1	8216867	8217734	8206867	8227734	0	106
Interval_75:1:1324816:1326091:+:1276	1	1	1324816	1326091	1314816	1336091	4	54
Interval_750:1:8227067:8227261:+:195	1	1	8227067	8227261	8217067	8237261	4	146
Interval_751:1:8236139:8236558:+:420	1	1	8236139	8236558	8226139	8246558	6	146
Interval_752:1:8244585:8244983:+:399	1	1	8244585	8244983	8234585	8254983	0	152
Interval_753:1:8252836:8253230:+:395	1	1	8252836	8253230	8242836	8263230	0	124
Interval_754:1:8254167:8254375:+:209	1	1	8254167	8254375	8244167	8264375	0	120
Interval_755:1:8259433:8259595:+:163	1	1	8259433	8259595	8249433	8269595	0	74
Interval_756:1:8264526:8265382:+:857	1	1	8264526	8265382	8254526	8275382	0	60
Interval_757:1:8341766:8342652:+:887	1	1	8341766	8342652	8331766	8352652	2	68
Interval_758:1:8424268:8424894:+:627	1	1	8424268	8424894	8414268	8434894	2	50
Interval_759:1:8426141:8426284:+:144	1	1	8426141	8426284	8416141	8436284	0	54
Interval_76:1:1334068:1334831:+:764	1	1	1334068	1334831	1324068	1344831	0	38
Interval_760:1:8433417:8433822:+:406	1	1	8433417	8433822	8423417	8443822	0	62
Interval_761:1:8469371:8469554:+:184	1	1	8469371	8469554	8459371	8479554	0	62
Interval_762:1:8500346:8500590:+:245	1	1	8500346	8500590	8490346	8510590	2	72
Interval_763:1:8501678:8501899:+:222	1	1	8501678	8501899	8491678	8511899	0	66
Interval_764:1:8508879:8509025:+:147	1	1	8508879	8509025	8498879	8519025	0	132
Interval_765:1:8517883:8518410:+:528	1	1	8517883	8518410	8507883	8528410	4	158
Interval_766:1:8522331:8523656:+:1326	1	1	8522331	8523656	8512331	8533656	6	188
Interval_767:1:8529542:8529861:+:320	1	1	8529542	8529861	8519542	8539861	0	162
Interval_768:1:8530367:8530948:+:582	1	1	8530367	8530948	8520367	8540948	2	148
Interval_769:1:8537842:8538817:+:976	1	1	8537842	8538817	8527842	8548817	4	118
Interval_77:1:1358879:1359115:+:237	1	1	1358879	1359115	1348879	1369115	0	8
Interval_770:1:8543284:8543673:+:390	1	1	8543284	8543673	8533284	8553673	0	76
Interval_771:1:8546297:8546849:+:553	1	1	8546297	8546849	8536297	8556849	2	46
Interval_772:1:8551962:8552574:+:613	1	1	8551962	8552574	8541962	8562574	0	38
Interval_773:1:8555018:8555535:+:518	1	1	8555018	8555535	8545018	8565535	0	58
Interval_774:1:8556176:8557208:+:1033	1	1	8556176	8557208	8546176	8567208	0	52
Interval_775:1:8566857:8567564:+:708	1	1	8566857	8567564	8556857	8577564	2	104
Interval_776:1:8572791:8573564:+:774	1	1	8572791	8573564	8562791	8583564	2	78
Interval_777:1:8577512:8577997:+:486	1	1	8577512	8577997	8567512	8587997	0	56
Interval_778:1:8578433:8579640:+:1208	1	1	8578433	8579640	8568433	8589640	0	48
Interval_779:1:8596701:8597575:+:875	1	1	8596701	8597575	8586701	8607575	2	80
Interval_78:1:1362572:1362757:+:186	1	1	1362572	1362757	1352572	1372757	0	8
Interval_780:1:8598490:8599732:+:1243	1	1	8598490	8599732	8588490	8609732	8	82
Interval_781:1:8602784:8603444:+:661	1	1	8602784	8603444	8592784	8613444	0	88
Interval_782:1:8605912:8606463:+:552	1	1	8605912	8606463	8595912	8616463	4	62
Interval_783:1:8609497:8609741:+:245	1	1	8609497	8609741	8599497	8619741	2	76
Interval_784:1:8611583:8613012:+:1430	1	1	8611583	8613012	8601583	8623012	2	76
Interval_785:1:8618323:8619101:+:779	1	1	8618323	8619101	8608323	8629101	12	84
Interval_786:1:8619847:8620224:+:378	1	1	8619847	8620224	8609847	8630224	2	84
Interval_787:1:8620810:8622127:+:1318	1	1	8620810	8622127	8610810	8632127	4	88
Interval_788:1:8623976:8624397:+:422	1	1	8623976	8624397	8613976	8634397	6	86
Interval_789:1:8630252:8630499:+:248	1	1	8630252	8630499	8620252	8640499	0	62
Interval_79:1:1365192:1365753:+:562	1	1	1365192	1365753	1355192	1375753	0	8
Interval_790:1:8633368:8634964:+:1597	1	1	8633368	8634964	8623368	8644964	0	62
Interval_791:1:8639741:8640629:+:889	1	1	8639741	8640629	8629741	8650629	2	60
Interval_792:1:8643438:8643898:+:461	1	1	8643438	8643898	8633438	8653898	2	52
Interval_793:1:8648056:8649338:+:1283	1	1	8648056	8649338	8638056	8659338	12	64
Interval_794:1:8654620:8654807:+:188	1	1	8654620	8654807	8644620	8664807	0	60
Interval_795:1:8665438:8666252:+:815	1	1	8665438	8666252	8655438	8676252	2	106
Interval_796:1:8667315:8667557:+:243	1	1	8667315	8667557	8657315	8677557	0	112
Interval_797:1:8675792:8676523:+:732	1	1	8675792	8676523	8665792	8686523	2	136
Interval_798:1:8678281:8679044:+:764	1	1	8678281	8679044	8668281	8689044	0	142
Interval_799:1:8679931:8680196:+:266	1	1	8679931	8680196	8669931	8690196	0	128
Interval_8:1:386006:387122:+:1117	1	1	386006	387122	376006	397122	0	56
Interval_80:1:1399774:1400073:+:300	1	1	1399774	1400073	1389774	1410073	0	2
Interval_800:1:8689550:8689875:+:326	1	1	8689550	8689875	8679550	8699875	2	88
Interval_801:1:8693364:8693742:+:379	1	1	8693364	8693742	8683364	8703742	0	84
Interval_802:1:8705288:8705956:+:669	1	1	8705288	8705956	8695288	8715956	2	90
Interval_803:1:8731709:8732634:+:926	1	1	8731709	8732634	8721709	8742634	12	118
Interval_804:1:8744985:8746830:+:1846	1	1	8744985	8746830	8734985	8756830	16	118
Interval_805:1:8747755:8748278:+:524	1	1	8747755	8748278	8737755	8758278	6	110
Interval_806:1:8769460:8770876:+:1417	1	1	8769460	8770876	8759460	8780876	0	68
Interval_807:1:8772109:8772769:+:661	1	1	8772109	8772769	8762109	8782769	0	88
Interval_808:1:8781770:8782668:+:899	1	1	8781770	8782668	8771770	8792668	6	122
Interval_809:1:8800420:8801188:+:769	1	1	8800420	8801188	8790420	8811188	0	142
Interval_81:1:1402426:1402646:+:221	1	1	1402426	1402646	1392426	1412646	0	2
Interval_810:1:8844010:8844306:+:297	1	1	8844010	8844306	8834010	8854306	2	170
Interval_811:1:8848664:8849107:+:444	1	1	8848664	8849107	8838664	8859107	0	138
Interval_812:1:8852770:8852990:+:221	1	1	8852770	8852990	8842770	8862990	0	144
Interval_813:1:8865534:8865696:+:163	1	1	8865534	8865696	8855534	8875696	0	122
Interval_814:1:8915785:8916242:+:458	1	1	8915785	8916242	8905785	8926242	0	64
Interval_815:1:8920479:8921565:+:1087	1	1	8920479	8921565	8910479	8931565	2	22
Interval_816:1:8925963:8926978:+:1016	1	1	8925963	8926978	8915963	8936978	2	16
Interval_817:1:8930510:8930644:+:135	1	1	8930510	8930644	8920510	8940644	0	42
Interval_818:1:8937460:8938132:+:673	1	1	8937460	8938132	8927460	8948132	4	72
Interval_819:1:8959582:8960763:+:1182	1	1	8959582	8960763	8949582	8970763	2	14
Interval_82:1:1409139:1409310:+:172	1	1	1409139	1409310	1399139	1419310	0	2
Interval_820:1:8974703:8975484:+:782	1	1	8974703	8975484	8964703	8985484	0	38
Interval_821:1:8986668:8987559:+:892	1	1	8986668	8987559	8976668	8997559	0	58
Interval_822:1:8993376:8993780:+:405	1	1	8993376	8993780	8983376	9003780	0	48
Interval_823:1:8995390:8996149:+:760	1	1	8995390	8996149	8985390	9006149	2	38
Interval_824:1:8997818:8998324:+:507	1	1	8997818	8998324	8987818	9008324	0	36
Interval_825:1:9078458:9079016:+:559	1	1	9078458	9079016	9068458	9089016	2	78
Interval_826:1:9099738:9100063:+:326	1	1	9099738	9100063	9089738	9110063	2	58
Interval_827:1:9103563:9104156:+:594	1	1	9103563	9104156	9093563	9114156	0	48
Interval_828:1:9104813:9105426:+:614	1	1	9104813	9105426	9094813	9115426	2	50
Interval_829:1:9117629:9117802:+:174	1	1	9117629	9117802	9107629	9127802	2	36
Interval_83:1:1411926:1412371:+:446	1	1	1411926	1412371	1401926	1422371	0	2
Interval_830:1:9134070:9134391:+:322	1	1	9134070	9134391	9124070	9144391	0	68
Interval_831:1:9153513:9155643:+:2131	1	1	9153513	9155643	9143513	9165643	8	70
Interval_832:1:9176925:9177181:+:257	1	1	9176925	9177181	9166925	9187181	0	86
Interval_833:1:9196323:9196482:+:160	1	1	9196323	9196482	9186323	9206482	0	22
Interval_834:1:9241176:9241405:+:230	1	1	9241176	9241405	9231176	9251405	2	30
Interval_835:1:9276606:9276970:+:365	1	1	9276606	9276970	9266606	9286970	0	42
Interval_836:1:9315089:9315831:+:743	1	1	9315089	9315831	9305089	9325831	6	116
Interval_837:1:9338344:9338544:+:201	1	1	9338344	9338544	9328344	9348544	0	58
Interval_838:1:9345443:9345692:+:250	1	1	9345443	9345692	9335443	9355692	0	28
Interval_839:1:9352734:9353071:+:338	1	1	9352734	9353071	9342734	9363071	0	52
Interval_84:1:1414680:1414992:+:313	1	1	1414680	1414992	1404680	1424992	0	2
Interval_840:1:9355982:9356208:+:227	1	1	9355982	9356208	9345982	9366208	2	60
Interval_841:1:9368509:9368983:+:475	1	1	9368509	9368983	9358509	9378983	0	102
Interval_842:1:9379939:9380442:+:504	1	1	9379939	9380442	9369939	9390442	0	84
Interval_843:1:9390634:9391053:+:420	1	1	9390634	9391053	9380634	9401053	0	70
Interval_844:1:9393291:9393806:+:516	1	1	9393291	9393806	9383291	9403806	0	84
Interval_845:1:9409037:9410310:+:1274	1	1	9409037	9410310	9399037	9420310	2	74
Interval_846:1:9411516:9412339:+:824	1	1	9411516	9412339	9401516	9422339	0	44
Interval_847:1:9416840:9417395:+:556	1	1	9416840	9417395	9406840	9427395	2	12
Interval_848:1:9431163:9431573:+:411	1	1	9431163	9431573	9421163	9441573	0	12
Interval_849:1:9437226:9437372:+:147	1	1	9437226	9437372	9427226	9447372	0	10
Interval_85:1:1416434:1416705:+:272	1	1	1416434	1416705	1406434	1426705	0	0
Interval_850:1:9439424:9439599:+:176	1	1	9439424	9439599	9429424	9449599	0	6
Interval_851:1:9448762:9450084:+:1323	1	1	9448762	9450084	9438762	9460084	4	12
Interval_852:1:9481621:9481832:+:212	1	1	9481621	9481832	9471621	9491832	0	18
Interval_853:1:9486062:9486522:+:461	1	1	9486062	9486522	9476062	9496522	0	22
Interval_854:1:9491009:9491581:+:573	1	1	9491009	9491581	9481009	9501581	2	24
Interval_855:1:9493475:9494538:+:1064	1	1	9493475	9494538	9483475	9504538	6	26
Interval_856:1:9496096:9497108:+:1013	1	1	9496096	9497108	9486096	9507108	2	28
Interval_857:1:9525663:9526398:+:736	1	1	9525663	9526398	9515663	9536398	4	146
Interval_858:1:9527084:9528279:+:1196	1	1	9527084	9528279	9517084	9538279	2	158
Interval_859:1:9539390:9539577:+:188	1	1	9539390	9539577	9529390	9549577	2	86
Interval_86:1:1424288:1424530:+:243	1	1	1424288	1424530	1414288	1434530	0	2
Interval_860:1:9548879:9550447:+:1569	1	1	9548879	9550447	9538879	9560447	4	68
Interval_861:1:9558172:9558922:+:751	1	1	9558172	9558922	9548172	9568922	0	66
Interval_862:1:9560545:9561031:+:487	1	1	9560545	9561031	9550545	9571031	2	64
Interval_863:1:9563273:9563593:+:321	1	1	9563273	9563593	9553273	9573593	0	76
Interval_864:1:9564368:9564633:+:266	1	1	9564368	9564633	9554368	9574633	0	76
Interval_865:1:9569409:9569547:+:139	1	1	9569409	9569547	9559409	9579547	0	132
Interval_866:1:9616192:9617308:+:1117	1	1	9616192	9617308	9606192	9627308	0	86
Interval_867:1:9634291:9636227:+:1937	1	1	9634291	9636227	9624291	9646227	12	102
Interval_868:1:9643415:9645216:+:1802	1	1	9643415	9645216	9633415	9655216	8	68
Interval_869:1:9646031:9646366:+:336	1	1	9646031	9646366	9636031	9656366	2	64
Interval_87:1:1466661:1467479:+:819	1	1	1466661	1467479	1456661	1477479	8	48
Interval_870:1:9647932:9648589:+:658	1	1	9647932	9648589	9637932	9658589	4	74
Interval_871:1:9652538:9654593:+:2056	1	1	9652538	9654593	9642538	9664593	6	96
Interval_872:1:9655187:9655413:+:227	1	1	9655187	9655413	9645187	9665413	0	86
Interval_873:1:9658858:9659608:+:751	1	1	9658858	9659608	9648858	9669608	0	98
Interval_874:1:9664791:9665555:+:765	1	1	9664791	9665555	9654791	9675555	0	100
Interval_875:1:9670984:9671192:+:209	1	1	9670984	9671192	9660984	9681192	0	110
Interval_876:1:9674037:9674373:+:337	1	1	9674037	9674373	9664037	9684373	4	120
Interval_877:1:9676952:9677898:+:947	1	1	9676952	9677898	9666952	9687898	2	130
Interval_878:1:9702218:9704059:+:1842	1	1	9702218	9704059	9692218	9714059	2	90
Interval_879:1:9711613:9712171:+:559	1	1	9711613	9712171	9701613	9722171	0	70
Interval_88:1:1468632:1468941:+:310	1	1	1468632	1468941	1458632	1478941	0	48
Interval_880:1:9721412:9721703:+:292	1	1	9721412	9721703	9711412	9731703	2	86
Interval_881:1:9724169:9724535:+:367	1	1	9724169	9724535	9714169	9734535	2	88
Interval_882:1:9727535:9728137:+:603	1	1	9727535	9728137	9717535	9738137	2	76
Interval_883:1:9731714:9732250:+:537	1	1	9731714	9732250	9721714	9742250	2	74
Interval_884:1:9733445:9735162:+:1718	1	1	9733445	9735162	9723445	9745162	0	98
Interval_885:1:9735919:9737043:+:1125	1	1	9735919	9737043	9725919	9747043	2	96
Interval_886:1:9739063:9739198:+:136	1	1	9739063	9739198	9729063	9749198	0	102
Interval_887:1:9741840:9742211:+:372	1	1	9741840	9742211	9731840	9752211	2	118
Interval_888:1:9744376:9745387:+:1012	1	1	9744376	9745387	9734376	9755387	14	130
Interval_889:1:9749266:9750134:+:869	1	1	9749266	9750134	9739266	9760134	6	132
Interval_89:1:1498165:1498516:+:352	1	1	1498165	1498516	1488165	1508516	0	34
Interval_890:1:9754901:9756142:+:1242	1	1	9754901	9756142	9744901	9766142	8	96
Interval_891:1:9768070:9769023:+:954	1	1	9768070	9769023	9758070	9779023	0	32
Interval_892:1:9772052:9773251:+:1200	1	1	9772052	9773251	9762052	9783251	0	34
Interval_893:1:9776589:9777296:+:708	1	1	9776589	9777296	9766589	9787296	0	44
Interval_894:1:9777948:9778205:+:258	1	1	9777948	9778205	9767948	9788205	0	42
Interval_895:1:9785551:9786406:+:856	1	1	9785551	9786406	9775551	9796406	0	26
Interval_896:1:9789370:9789614:+:245	1	1	9789370	9789614	9779370	9799614	0	26
Interval_897:1:9791455:9792420:+:966	1	1	9791455	9792420	9781455	9802420	2	26
Interval_898:1:9792927:9794638:+:1712	1	1	9792927	9794638	9782927	9804638	0	20
Interval_899:1:9798101:9798929:+:829	1	1	9798101	9798929	9788101	9808929	2	18
Interval_9:1:396039:396211:+:173	1	1	396039	396211	386039	406211	0	112
Interval_90:1:1501704:1502117:+:414	1	1	1501704	1502117	1491704	1512117	0	52
Interval_900:1:9810467:9811448:+:982	1	1	9810467	9811448	9800467	9821448	0	16
Interval_901:1:9812233:9813312:+:1080	1	1	9812233	9813312	9802233	9823312	2	14
Interval_902:1:9916569:9916773:+:205	1	1	9916569	9916773	9906569	9926773	0	20
Interval_903:1:9917627:9917811:+:185	1	1	9917627	9917811	9907627	9927811	0	20
Interval_904:1:9920594:9921731:+:1138	1	1	9920594	9921731	9910594	9931731	2	24
Interval_905:1:9924312:9925962:+:1651	1	1	9924312	9925962	9914312	9935962	2	22
Interval_906:1:9926936:9927072:+:137	1	1	9926936	9927072	9916936	9937072	0	20
Interval_907:1:9931282:9931506:+:225	1	1	9931282	9931506	9921282	9941506	0	24
Interval_908:1:9932880:9933081:+:202	1	1	9932880	9933081	9922880	9943081	0	28
Interval_909:1:9938420:9938906:+:487	1	1	9938420	9938906	9928420	9948906	6	44
Interval_91:1:1505719:1506011:+:293	1	1	1505719	1506011	1495719	1516011	2	54
Interval_910:1:9942820:9943207:+:388	1	1	9942820	9943207	9932820	9953207	0	46
Interval_911:1:9944612:9945756:+:1145	1	1	9944612	9945756	9934612	9955756	2	54
Interval_912:1:9953631:9954322:+:692	1	1	9953631	9954322	9943631	9964322	0	74
Interval_913:1:9971792:9973469:+:1678	1	1	9971792	9973469	9961792	9983469	2	48
Interval_914:1:9978564:9978743:+:180	1	1	9978564	9978743	9968564	9988743	0	46
Interval_915:1:9984203:9985046:+:844	1	1	9984203	9985046	9974203	9995046	0	80
Interval_916:1:10007420:10008314:+:895	1	1	10007420	10008314	9997420	10018314	0	56
Interval_917:1:10010911:10011331:+:421	1	1	10010911	10011331	10000911	10021331	2	54
Interval_918:1:10016629:10016815:+:187	1	1	10016629	10016815	10006629	10026815	0	68
Interval_919:1:10019998:10020347:+:350	1	1	10019998	10020347	10009998	10030347	0	76
Interval_92:1:1512917:1513298:+:382	1	1	1512917	1513298	1502917	1523298	0	74
Interval_920:1:10026339:10026621:+:283	1	1	10026339	10026621	10016339	10036621	0	68
Interval_921:1:10031399:10031778:+:380	1	1	10031399	10031778	10021399	10041778	2	52
Interval_922:1:10051838:10052186:+:349	1	1	10051838	10052186	10041838	10062186	0	58
Interval_923:1:10059637:10060173:+:537	1	1	10059637	10060173	10049637	10070173	0	58
Interval_924:1:10061026:10061297:+:272	1	1	10061026	10061297	10051026	10071297	0	62
Interval_925:1:10066872:10067455:+:584	1	1	10066872	10067455	10056872	10077455	2	76
Interval_926:1:10070124:10071167:+:1044	1	1	10070124	10071167	10060124	10081167	6	90
Interval_927:1:10077751:10078077:+:327	1	1	10077751	10078077	10067751	10088077	0	108
Interval_928:1:10081335:10082369:+:1035	1	1	10081335	10082369	10071335	10092369	10	114
Interval_929:1:10085881:10087803:+:1923	1	1	10085881	10087803	10075881	10097803	4	98
Interval_93:1:1526931:1527182:+:252	1	1	1526931	1527182	1516931	1537182	0	52
Interval_930:1:10089067:10089222:+:156	1	1	10089067	10089222	10079067	10099222	2	88
Interval_931:1:10092835:10093014:+:180	1	1	10092835	10093014	10082835	10103014	2	74
Interval_932:1:10101155:10101385:+:231	1	1	10101155	10101385	10091155	10111385	4	56
Interval_933:1:10104484:10104935:+:452	1	1	10104484	10104935	10094484	10114935	2	50
Interval_934:1:10107880:10108294:+:415	1	1	10107880	10108294	10097880	10118294	0	46
Interval_935:1:10113910:10114849:+:940	1	1	10113910	10114849	10103910	10124849	2	32
Interval_936:1:10148882:10150055:+:1174	1	1	10148882	10150055	10138882	10160055	0	56
Interval_937:1:10154621:10155345:+:725	1	1	10154621	10155345	10144621	10165345	0	80
Interval_938:1:10155985:10156837:+:853	1	1	10155985	10156837	10145985	10166837	4	72
Interval_939:1:10165629:10165890:+:262	1	1	10165629	10165890	10155629	10175890	0	98
Interval_94:1:1543923:1544370:+:448	1	1	1543923	1544370	1533923	1554370	2	96
Interval_940:1:10168355:10168547:+:193	1	1	10168355	10168547	10158355	10178547	2	102
Interval_941:1:10175832:10176594:+:763	1	1	10175832	10176594	10165832	10186594	4	98
Interval_942:1:10177261:10177504:+:244	1	1	10177261	10177504	10167261	10187504	0	94
Interval_943:1:10183640:10184213:+:574	1	1	10183640	10184213	10173640	10194213	6	72
Interval_944:1:10188813:10189742:+:930	1	1	10188813	10189742	10178813	10199742	0	58
Interval_945:1:10196034:10196985:+:952	1	1	10196034	10196985	10186034	10206985	0	36
Interval_946:1:10200318:10201469:+:1152	1	1	10200318	10201469	10190318	10211469	2	42
Interval_947:1:10214095:10215711:+:1617	1	1	10214095	10215711	10204095	10225711	0	46
Interval_948:1:10218075:10218756:+:682	1	1	10218075	10218756	10208075	10228756	0	46
Interval_949:1:10227626:10227868:+:243	1	1	10227626	10227868	10217626	10237868	0	86
Interval_95:1:1546712:1547288:+:577	1	1	1546712	1547288	1536712	1557288	2	142
Interval_950:1:10228430:10228808:+:379	1	1	10228430	10228808	10218430	10238808	2	86
Interval_951:1:10238988:10239128:+:141	1	1	10238988	10239128	10228988	10249128	0	64
Interval_952:1:10240367:10240732:+:366	1	1	10240367	10240732	10230367	10250732	0	62
Interval_953:1:10244137:10245356:+:1220	1	1	10244137	10245356	10234137	10255356	0	50
Interval_954:1:10252028:10253510:+:1483	1	1	10252028	10253510	10242028	10263510	6	44
Interval_955:1:10261876:10262797:+:922	1	1	10261876	10262797	10251876	10272797	2	62
Interval_956:1:10266167:10267141:+:975	1	1	10266167	10267141	10256167	10277141	2	66
Interval_957:1:10273380:10274296:+:917	1	1	10273380	10274296	10263380	10284296	0	76
Interval_958:1:10291479:10291748:+:270	1	1	10291479	10291748	10281479	10301748	0	150
Interval_959:1:10297953:10298193:+:241	1	1	10297953	10298193	10287953	10308193	0	194
Interval_96:1:1560493:1561469:+:977	1	1	1560493	1561469	1550493	1571469	0	148
Interval_960:1:10304855:10305039:+:185	1	1	10304855	10305039	10294855	10315039	4	158
Interval_961:1:10311850:10312510:+:661	1	1	10311850	10312510	10301850	10322510	2	128
Interval_962:1:10317871:10318581:+:711	1	1	10317871	10318581	10307871	10328581	0	80
Interval_963:1:10321726:10322510:+:785	1	1	10321726	10322510	10311726	10332510	0	56
Interval_964:1:10324930:10325143:+:214	1	1	10324930	10325143	10314930	10335143	0	48
Interval_965:1:10330966:10331657:+:692	1	1	10330966	10331657	10320966	10341657	0	36
Interval_966:1:10334148:10334985:+:838	1	1	10334148	10334985	10324148	10344985	0	32
Interval_967:1:10338601:10339197:+:597	1	1	10338601	10339197	10328601	10349197	2	14
Interval_968:1:10342391:10343048:+:658	1	1	10342391	10343048	10332391	10353048	2	14
Interval_969:1:10344300:10344794:+:495	1	1	10344300	10344794	10334300	10354794	0	24
Interval_97:1:1566596:1567098:+:503	1	1	1566596	1567098	1556596	1577098	0	136
Interval_970:1:10355216:10355987:+:772	1	1	10355216	10355987	10345216	10365987	4	96
Interval_971:1:10360523:10361286:+:764	1	1	10360523	10361286	10350523	10371286	0	100
Interval_972:1:10366859:10368073:+:1215	1	1	10366859	10368073	10356859	10378073	0	94
Interval_973:1:10374314:10374536:+:223	1	1	10374314	10374536	10364314	10384536	0	76
Interval_974:1:10378419:10378942:+:524	1	1	10378419	10378942	10368419	10388942	0	50
Interval_975:1:10382657:10383572:+:916	1	1	10382657	10383572	10372657	10393572	8	50
Interval_976:1:10385184:10385515:+:332	1	1	10385184	10385515	10375184	10395515	0	46
Interval_977:1:10387157:10387314:+:158	1	1	10387157	10387314	10377157	10397314	2	46
Interval_978:1:10388462:10389312:+:851	1	1	10388462	10389312	10378462	10399312	0	46
Interval_979:1:10390359:10390606:+:248	1	1	10390359	10390606	10380359	10400606	0	42
Interval_98:1:1571823:1572381:+:559	1	1	1571823	1572381	1561823	1582381	32	122
Interval_980:1:10400688:10401380:+:693	1	1	10400688	10401380	10390688	10411380	2	40
Interval_981:1:10412144:10412347:+:204	1	1	10412144	10412347	10402144	10422347	2	58
Interval_982:1:10414010:10414231:+:222	1	1	10414010	10414231	10404010	10424231	2	52
Interval_983:1:10427168:10427605:+:438	1	1	10427168	10427605	10417168	10437605	0	64
Interval_984:1:10430173:10431020:+:848	1	1	10430173	10431020	10420173	10441020	6	74
Interval_985:1:10432392:10432589:+:198	1	1	10432392	10432589	10422392	10442589	2	90
Interval_986:1:10438492:10440591:+:2100	1	1	10438492	10440591	10428492	10450591	8	104
Interval_987:1:10454543:10455952:+:1410	1	1	10454543	10455952	10444543	10465952	6	106
Interval_988:1:10461128:10461458:+:331	1	1	10461128	10461458	10451128	10471458	0	134
Interval_989:1:10462645:10463066:+:422	1	1	10462645	10463066	10452645	10473066	4	130
Interval_99:1:1586711:1587855:+:1145	1	1	1586711	1587855	1576711	1597855	8	92
Interval_990:1:10465126:10465573:+:448	1	1	10465126	10465573	10455126	10475573	2	134
Interval_991:1:10466816:10467294:+:479	1	1	10466816	10467294	10456816	10477294	0	144
Interval_992:1:10471350:10472225:+:876	1	1	10471350	10472225	10461350	10482225	2	132
Interval_993:1:10483227:10484510:+:1284	1	1	10483227	10484510	10473227	10494510	2	94
Interval_994:1:10487676:10488016:+:341	1	1	10487676	10488016	10477676	10498016	0	74
Interval_995:1:10500942:10501782:+:841	1	1	10500942	10501782	10490942	10511782	0	82
Interval_996:1:10508325:10509180:+:856	1	1	10508325	10509180	10498325	10519180	0	74
Interval_997:1:10516868:10517050:+:183	1	1	10516868	10517050	10506868	10527050	0	78
Interval_998:1:10517946:10519349:+:1404	1	1	10517946	10519349	10507946	10529349	0	74
Interval_999:1:10546616:10547977:+:1362	1	1	10546616	10547977	10536616	10557977	4	108
